"Name","Team","W","L","SV","HLD","ERA","GS","G","IP","H","ER","HR","SO","BB","WHIP","K/9","BB/9","FIP","WAR","playerid"
"Jacob deGrom","NYM","7","2","0","0","2.34","14","14","87.0","60","22","8","125","18","0.91","12.97","1.90","2.22","3.2","10954"
"Gerrit Cole","NYY","7","4","0","0","3.20","15","15","90.0","72","32","12","122","23","1.04","12.15","2.26","3.05","2.5","13125"
"Max Scherzer","WSN","6","4","0","0","3.32","14","14","83.0","67","30","12","112","21","1.07","12.23","2.32","3.24","2.2","3137"
"Zack Wheeler","PHI","6","4","0","0","3.46","14","14","89.0","79","34","10","95","23","1.16","9.68","2.34","3.38","2.0","10310"
"Shane Bieber","CLE","6","4","0","0","3.36","13","13","80.0","68","30","10","100","20","1.10","11.28","2.27","3.11","2.0","19427"
"Aaron Nola","PHI","6","4","0","0","3.52","15","15","89.0","76","35","11","105","27","1.15","10.68","2.70","3.47","2.0","16149"
"Brandon Woodruff","MIL","5","4","0","0","3.33","13","13","78.0","67","29","9","93","22","1.13","10.71","2.53","3.21","1.9","16162"
"Lucas Giolito","CHW","6","4","0","0","3.59","14","14","82.0","66","33","12","104","28","1.14","11.36","3.03","3.56","1.8","15474"
"Kevin Gausman","SFG","6","4","0","0","3.54","14","14","83.0","74","33","9","94","24","1.18","10.21","2.57","3.26","1.7","14107"
"Carlos Rodon","CHW","5","3","0","0","3.47","12","12","70.0","57","27","9","89","26","1.19","11.56","3.36","3.49","1.7","16137"
"Yu Darvish","SDP","5","3","0","0","3.44","13","13","77.0","64","29","10","94","22","1.11","10.95","2.52","3.41","1.7","13074"
"Walker Buehler","LAD","5","3","0","0","3.51","13","13","80.0","69","31","10","92","22","1.14","10.42","2.43","3.46","1.6","19374"
"Corbin Burnes","MIL","4","2","0","0","3.04","12","12","58.0","46","20","6","77","18","1.10","11.87","2.77","2.85","1.6","19361"
"Clayton Kershaw","LAD","6","3","0","0","3.20","12","12","72.0","62","26","9","81","15","1.08","10.15","1.85","3.29","1.6","2036"
"German Marquez","COL","5","5","0","0","4.22","13","13","80.0","82","38","10","85","25","1.33","9.52","2.81","3.76","1.6","15038"
"Charlie Morton","ATL","6","4","0","0","3.49","14","14","77.0","67","30","8","88","25","1.21","10.34","2.99","3.46","1.6","4676"
"Joe Musgrove","SDP","6","4","0","0","3.61","14","14","77.0","69","31","10","85","20","1.15","9.89","2.33","3.56","1.5","12970"
"Luis Castillo","CIN","5","4","0","0","3.74","14","14","79.0","70","33","9","87","30","1.26","9.90","3.43","3.72","1.5","15689"
"Lance Lynn","CHW","6","4","0","0","3.82","14","14","82.0","73","35","12","92","29","1.23","10.13","3.13","3.95","1.5","2520"
"Sonny Gray","CIN","5","4","0","0","3.70","13","13","71.0","60","29","9","83","28","1.25","10.53","3.56","3.69","1.4","12768"
"Jose Berrios","MIN","5","4","0","0","3.87","14","14","83.0","76","35","11","87","26","1.24","9.53","2.80","3.83","1.4","14168"
"Chris Sale","BOS","4","3","0","0","3.28","9","9","53.0","43","19","7","70","14","1.07","11.79","2.45","3.13","1.4","10603"
"Trevor Bauer","LAD","5","3","0","0","3.56","11","11","65.0","54","26","9","81","21","1.17","11.21","2.98","3.55","1.3","12703"
"Nathan Eovaldi","BOS","5","4","0","0","3.96","13","13","72.0","71","32","9","71","18","1.24","8.83","2.25","3.67","1.3","9132"
"Pablo Lopez","MIA","5","4","0","0","3.66","14","14","74.0","67","30","9","77","21","1.19","9.34","2.55","3.62","1.3","17085"
"Trevor Rogers","MIA","5","4","0","0","3.54","13","13","72.0","62","28","8","80","26","1.24","10.04","3.33","3.59","1.2","22286"
"Max Fried","ATL","6","4","0","0","3.92","14","14","77.0","74","33","8","77","28","1.33","9.08","3.24","3.81","1.2","13743"
"Jordan Montgomery","NYY","4","3","0","0","4.04","13","13","70.0","67","32","10","71","22","1.27","9.06","2.85","4.01","1.2","16511"
"Tyler Mahle","CIN","4","4","0","0","4.12","13","13","69.0","63","32","10","80","25","1.28","10.42","3.26","4.04","1.2","16358"
"Eduardo Rodriguez","BOS","5","4","0","0","4.11","13","13","74.0","71","34","10","79","25","1.29","9.61","2.99","3.90","1.2","13164"
"Kenta Maeda","MIN","5","5","0","0","4.24","14","14","76.0","71","36","12","82","25","1.26","9.65","2.96","4.07","1.2","18498"
"Marcus Stroman","NYM","5","4","0","0","3.71","14","14","79.0","77","33","9","69","25","1.28","7.81","2.79","3.86","1.2","13431"
"Patrick Corbin","WSN","5","5","0","0","4.22","14","14","81.0","83","38","12","82","26","1.33","9.07","2.87","4.07","1.2","9323"
"Blake Snell","SDP","5","3","0","0","3.53","12","12","63.0","50","25","7","78","28","1.25","11.19","4.01","3.60","1.2","13543"
"Sean Manaea","OAK","5","4","0","0","3.72","13","13","71.0","66","29","10","69","18","1.18","8.68","2.26","3.84","1.2","15873"
"Robbie Ray","TOR","5","4","0","0","3.97","14","14","79.0","65","35","13","107","35","1.26","12.10","3.91","3.94","1.1","11486"
"Freddy Peralta","MIL","4","3","0","0","3.78","13","13","61.0","48","26","8","83","28","1.24","12.18","4.15","3.75","1.1","18679"
"Stephen Strasburg","WSN","4","3","0","0","3.92","10","10","58.0","53","25","8","63","19","1.26","9.80","2.98","3.81","1.1","10131"
"Andrew Heaney","LAA","5","4","0","0","4.11","13","13","74.0","67","34","12","83","22","1.20","10.13","2.63","4.06","1.1","15423"
"Zach Eflin","PHI","5","5","0","0","4.31","14","14","81.0","83","39","13","76","19","1.26","8.39","2.15","4.19","1.1","13774"
"Shohei Ohtani","LAA","4","3","0","0","3.84","12","12","62.0","51","26","7","78","31","1.32","11.30","4.46","3.84","1.1","19755"
"Mike Minor","KCR","5","5","0","0","4.30","14","14","82.0","78","39","12","75","25","1.27","8.31","2.77","4.30","1.1","10021"
"Julio Urias","LAD","4","3","0","0","3.70","13","13","63.0","55","26","9","69","19","1.18","9.98","2.68","3.81","1.1","14765"
"Zack Greinke","HOU","5","4","0","0","3.99","13","13","81.0","80","36","13","72","17","1.20","8.01","1.93","4.13","1.1","1943"
"Hyun-Jin Ryu","TOR","6","4","0","0","3.91","14","14","83.0","84","36","11","75","20","1.24","8.11","2.12","3.93","1.1","14444"
"Zac Gallen","ARI","4","3","0","0","3.82","10","10","58.0","51","24","8","68","22","1.26","10.58","3.38","3.78","1.0","19291"
"Chris Bassitt","OAK","5","4","0","0","3.86","13","13","79.0","74","34","10","76","24","1.23","8.63","2.71","4.03","1.0","12304"
"Anthony DeSclafani","SFG","5","4","0","0","4.10","14","14","78.0","77","36","10","74","24","1.28","8.56","2.72","3.95","1.0","13050"
"Taijuan Walker","NYM","5","4","0","0","3.88","13","13","72.0","67","31","9","71","26","1.29","8.94","3.23","4.07","1.0","11836"
"Sandy Alcantara","MIA","5","5","0","0","4.03","15","15","88.0","82","39","10","80","33","1.32","8.20","3.42","4.09","1.0","18684"
"Josh Hader","MIL","2","1","11","1","2.53","0","29","29.0","17","8","3","49","11","0.97","15.42","3.49","2.47","1.0","14212"
"Merrill Kelly","ARI","4","5","0","0","4.49","13","13","79.0","81","39","12","70","23","1.33","8.05","2.65","4.30","1.0","11156"
"Liam Hendriks","CHW","2","1","13","0","2.83","0","31","31.0","22","10","4","46","7","0.96","13.46","2.15","2.61","1.0","3548"
"Lance McCullers Jr.","HOU","4","3","0","0","3.74","11","11","62.0","55","26","7","69","26","1.30","9.92","3.79","3.81","1.0","14120"
"Jack Flaherty","STL","4","3","0","0","3.43","9","9","52.0","42","20","7","63","17","1.13","10.88","2.92","3.52","1.0","17479"
"Frankie Montas","OAK","5","4","0","0","3.92","12","12","66.0","62","29","9","68","21","1.26","9.24","2.80","3.94","1.0","14309"
"Framber Valdez","HOU","4","3","0","0","3.67","12","12","60.0","54","24","5","60","26","1.34","8.96","3.86","3.80","0.9","17295"
"Carlos Carrasco","NYM","3","2","0","0","3.18","7","7","42.0","35","15","5","52","13","1.12","10.95","2.67","3.23","0.9","6632"
"Edwin Diaz","NYM","3","1","15","1","2.58","0","31","31.0","20","9","3","48","12","1.05","14.24","3.46","2.52","0.9","14710"
"Kyle Hendricks","CHC","5","5","0","0","4.34","14","14","82.0","86","40","13","67","17","1.26","7.34","1.89","4.31","0.9","12049"
"Alex Wood","SFG","5","4","0","0","3.75","12","12","68.0","64","29","8","69","22","1.26","9.05","2.86","3.79","0.9","13781"
"Chris Paddack","SDP","4","3","0","0","3.80","11","11","57.0","53","24","8","60","14","1.16","9.40","2.14","3.77","0.9","20099"
"Kwang-hyun Kim","STL","4","4","0","0","3.97","13","13","71.0","71","31","9","61","22","1.30","7.64","2.73","4.15","0.9","27458"
"Dallas Keuchel","CHW","5","5","0","0","4.33","15","15","86.0","90","41","11","61","28","1.38","6.40","2.97","4.50","0.9","9434"
"Kyle Gibson","TEX","4","5","0","0","4.39","14","14","84.0","86","41","11","76","31","1.39","8.13","3.31","4.25","0.9","10123"
"Adam Wainwright","STL","5","5","0","0","4.22","14","14","82.0","82","38","11","75","27","1.33","8.26","2.99","4.24","0.9","2233"
"Yusei Kikuchi","SEA","4","4","0","0","4.15","13","13","72.0","69","33","10","71","26","1.31","8.85","3.19","4.18","0.9","20633"
"Jameson Taillon","NYY","4","4","0","0","4.53","12","12","68.0","68","34","12","64","19","1.29","8.56","2.49","4.47","0.9","11674"
"Jon Gray","COL","4","5","0","0","4.89","12","12","66.0","71","36","10","64","24","1.45","8.74","3.32","4.37","0.9","14916"
"Alex Cobb","LAA","5","4","0","0","4.23","13","13","72.0","73","34","10","62","21","1.31","7.81","2.62","4.24","0.9","6562"
"John Means","BAL","4","4","0","0","4.62","12","12","66.0","66","34","13","59","16","1.24","8.12","2.13","4.70","0.9","16269"
"Jake Odorizzi","HOU","4","4","0","0","4.15","13","13","65.0","60","30","10","68","22","1.25","9.30","2.96","4.25","0.9","6397"
"Dane Dunning","TEX","3","3","0","0","4.08","12","12","58.0","56","26","7","57","22","1.33","8.77","3.33","3.99","0.8","19409"
"Marco Gonzales","SEA","4","5","0","0","4.49","13","13","74.0","77","37","12","61","20","1.31","7.50","2.46","4.56","0.8","15467"
"Ian Anderson","ATL","4","3","0","0","4.00","11","11","58.0","52","26","7","65","27","1.36","9.98","4.21","3.96","0.8","19951"
"Ryan Pressly","HOU","2","1","13","1","2.74","0","29","29.0","23","9","3","37","8","1.06","11.39","2.37","2.67","0.8","7005"
"Zach Plesac","CLE","4","5","0","0","4.57","14","14","78.0","80","40","13","66","21","1.31","7.67","2.48","4.54","0.8","19979"
"Aroldis Chapman","NYY","2","1","11","2","2.96","0","29","29.0","19","10","3","48","16","1.18","14.74","4.77","2.95","0.8","10233"
"Brady Singer","KCR","3","4","0","0","4.29","12","12","61.0","61","29","7","55","23","1.36","8.14","3.32","4.20","0.8","25377"
"Alek Manoah","TOR","4","3","0","0","3.97","10","10","58.0","50","26","8","68","21","1.23","10.54","3.23","3.92","0.8","26410"
"Logan Webb","SFG","4","3","0","0","3.78","11","18","57.0","54","24","5","55","20","1.32","8.68","3.24","3.69","0.8","17995"
"Taylor Rogers","MIN","2","1","5","5","2.94","0","30","30.0","25","10","3","38","8","1.10","11.31","2.43","2.89","0.8","13449"
"Matt Barnes","BOS","2","1","12","2","3.33","0","30","30.0","22","11","3","43","14","1.22","13.06","4.22","3.05","0.8","12863"
"Chris Flexen","SEA","3","4","0","0","4.20","12","13","61.0","61","29","9","55","19","1.31","8.10","2.84","4.22","0.8","13896"
"Danny Duffy","KCR","3","4","0","0","4.39","9","12","55.0","52","27","8","55","20","1.31","8.95","3.24","4.27","0.7","3542"
"Wade Miley","CIN","4","4","0","0","4.32","12","12","62.0","64","30","8","53","23","1.41","7.67","3.39","4.33","0.7","8779"
"Nick Pivetta","BOS","4","4","0","0","4.78","11","11","63.0","61","34","10","67","27","1.39","9.53","3.81","4.44","0.7","15454"
"Craig Kimbrel","CHC","2","1","15","0","2.91","0","29","29.0","19","9","3","45","13","1.11","13.91","3.99","2.91","0.7","6655"
"James Karinchak","CLE","2","1","10","3","3.14","0","31","31.0","19","11","3","53","19","1.24","15.62","5.55","3.04","0.7","20151"
"Johnny Cueto","SFG","4","4","0","0","4.35","13","13","74.0","76","36","11","64","21","1.30","7.74","2.52","4.26","0.7","6893"
"Antonio Senzatela","COL","4","5","0","0","5.17","13","13","72.0","84","41","10","51","23","1.50","6.38","2.94","4.73","0.7","15488"
"Dylan Cease","CHW","3","3","0","0","4.24","10","10","52.0","47","25","7","57","24","1.37","9.83","4.22","4.35","0.7","18525"
"Michael Pineda","MIN","4","4","0","0","4.70","12","12","67.0","72","35","12","60","17","1.31","8.06","2.23","4.47","0.7","5372"
"Logan Gilbert","SEA","3","4","0","0","4.18","11","11","57.0","54","27","9","59","18","1.25","9.33","2.77","4.23","0.7","22250"
"Spencer Turnbull","DET","3","3","0","0","4.15","9","9","46.0","44","21","5","44","17","1.35","8.60","3.38","4.18","0.7","16207"
"Luis Severino","NYY","2","2","0","0","3.82","7","7","37.0","34","16","5","41","12","1.22","9.76","2.88","3.89","0.7","15890"
"JT Brubaker","PIT","3","4","0","0","4.33","12","19","63.0","64","30","9","60","20","1.32","8.54","2.82","4.20","0.7","17578"
"Rick Porcello","","3","4","0","0","4.58","10","10","57.0","59","29","9","49","16","1.32","7.76","2.48","4.54","0.7","2717"
"Madison Bumgarner","ARI","3","4","0","0","4.58","11","11","62.0","62","32","11","61","17","1.28","8.76","2.50","4.57","0.7","5524"
"Casey Mize","DET","3","4","0","0","4.67","12","12","64.0","67","33","10","54","20","1.35","7.56","2.79","4.64","0.6","20492"
"Domingo German","NYY","4","4","0","0","4.56","9","11","55.0","54","28","10","56","17","1.28","9.13","2.71","4.50","0.6","17149"
"Chad Green","NYY","2","1","2","5","3.41","0","29","29.0","24","11","4","37","8","1.09","11.49","2.44","3.45","0.6","15552"
"Chris Archer","TBR","2","3","0","0","4.31","8","8","43.0","41","21","6","46","16","1.33","9.54","3.27","4.17","0.6","6345"
"Cole Irvin","OAK","4","4","0","0","4.38","11","14","71.0","74","34","10","53","17","1.28","6.74","2.16","4.44","0.6","19244"
"Tarik Skubal","DET","3","5","0","0","4.61","11","13","62.0","57","32","11","70","25","1.33","10.14","3.67","4.57","0.6","22267"
"Ryan Yarbrough","TBR","4","4","0","0","4.36","13","13","65.0","66","31","10","52","16","1.27","7.22","2.20","4.49","0.6","16502"
"Brad Keller","KCR","4","5","0","0","4.54","12","12","70.0","71","35","8","55","29","1.43","7.06","3.77","4.53","0.6","15734"
"Tyler Anderson","PIT","3","5","0","0","4.72","13","13","72.0","74","38","12","62","24","1.35","7.71","2.94","4.70","0.6","12880"
"Austin Gomber","COL","3","3","0","0","4.82","10","10","47.0","49","25","7","47","18","1.44","9.14","3.50","4.42","0.6","16561"
"Giovanny Gallegos","STL","2","1","3","5","3.20","0","30","30.0","24","11","4","38","9","1.09","11.29","2.64","3.19","0.6","14986"
"Adrian Houser","MIL","3","4","0","0","4.33","12","12","55.0","56","27","7","49","22","1.40","8.00","3.52","4.28","0.6","12718"
"Emmanuel Clase","CLE","2","1","6","4","3.26","0","30","30.0","27","11","2","31","10","1.22","9.42","2.98","3.26","0.6","21032"
"Raisel Iglesias","LAA","3","2","14","1","3.30","0","29","29.0","23","11","4","39","9","1.09","12.02","2.67","3.35","0.6","17130"
"Will Smith","ATL","2","1","12","1","3.43","0","29","29.0","24","11","4","39","10","1.16","11.97","3.14","3.39","0.6","8048"
"Luis Garcia","HOU","3","3","0","0","4.24","9","9","51.0","46","24","7","56","25","1.38","9.89","4.34","4.38","0.5","23735"
"Matthew Boyd","DET","2","2","0","0","4.38","6","6","35.0","34","17","5","35","11","1.27","9.06","2.70","4.25","0.5","15440"
"Ross Stripling","TOR","4","4","0","0","4.53","13","13","59.0","60","30","10","58","18","1.31","8.82","2.70","4.44","0.5","13273"
"Nicholas Lodolo","CIN","2","2","0","0","3.84","5","5","29.0","26","12","4","31","10","1.26","9.82","3.04","3.87","0.5","sa917947"
"Aaron Civale","CLE","3","4","0","0","4.61","10","10","58.0","62","30","10","49","15","1.31","7.56","2.27","4.50","0.5","19479"
"Steven Matz","TOR","4","4","0","0","4.48","12","12","63.0","63","31","10","63","20","1.32","9.01","2.91","4.38","0.5","13361"
"Vince Velasquez","PHI","3","4","0","0","4.79","12","16","58.0","55","31","11","66","25","1.39","10.15","3.92","4.73","0.5","11189"
"David Peterson","NYM","3","3","0","0","4.04","10","10","48.0","45","22","6","46","20","1.35","8.60","3.71","4.23","0.5","20302"
"Blake Treinen","LAD","3","1","4","5","3.24","0","29","29.0","25","11","3","32","10","1.21","9.77","3.08","3.27","0.5","12572"
"Jose Urquidy","HOU","3","3","0","0","4.54","9","9","51.0","51","26","10","46","13","1.26","8.14","2.32","4.64","0.5","18413"
"Tanner Scott","BAL","2","1","1","6","3.52","0","29","29.0","23","11","3","38","17","1.37","11.54","5.18","3.64","0.5","17586"
"Scott Barlow","KCR","2","1","6","4","3.60","0","30","30.0","24","12","3","37","14","1.27","11.28","4.09","3.47","0.5","14993"
"Tylor Megill","NYM","3","3","0","0","4.00","8","8","39.0","34","17","5","45","18","1.33","10.58","4.14","4.07","0.5","21318"
"David Price","LAD","3","2","0","0","3.73","8","17","40.0","37","17","6","43","12","1.22","9.61","2.74","3.92","0.5","3184"
"J.A. Happ","MIN","3","4","0","0","4.77","11","11","59.0","61","31","10","52","19","1.36","7.89","2.97","4.69","0.5","7410"
"Brett Anderson","MIL","3","4","0","0","4.48","11","11","55.0","61","27","7","36","15","1.39","5.81","2.51","4.45","0.5","8223"
"Trevor Williams","CHC","4","4","0","0","4.71","12","14","66.0","67","34","10","59","23","1.37","8.05","3.12","4.55","0.5","16977"
"Patrick Sandoval","LAA","3","2","0","0","4.17","8","13","42.0","38","19","6","43","17","1.34","9.37","3.71","4.23","0.5","19447"
"Drew Smyly","ATL","3","4","0","0","4.80","12","12","66.0","67","35","12","67","25","1.38","9.13","3.37","4.67","0.5","11760"
"Tyler Glasnow","TBR","1","1","0","0","3.41","4","4","20.0","16","8","2","28","8","1.15","12.42","3.41","3.20","0.5","14374"
"Joe Ross","WSN","3","3","0","0","4.74","10","10","49.0","50","26","8","47","17","1.38","8.61","3.13","4.60","0.5","12972"
"Kyle Freeland","COL","3","4","0","0","5.28","11","11","59.0","69","35","9","46","23","1.55","6.99","3.46","4.91","0.5","16256"
"Paul Fry","BAL","2","1","5","4","3.57","0","29","29.0","25","11","3","33","14","1.33","10.29","4.24","3.67","0.4","15832"
"Martin Perez","BOS","4","4","0","0","4.93","12","12","63.0","70","35","9","50","24","1.49","7.11","3.47","4.70","0.4","6902"
"Noah Syndergaard","NYM","1","1","0","0","3.58","4","4","22.0","20","9","2","22","6","1.18","9.32","2.52","3.50","0.4","11762"
"Diego Castillo","TBR","2","1","5","5","3.37","0","29","29.0","24","11","3","34","11","1.21","10.58","3.41","3.46","0.4","17496"
"Rich Hill","TBR","4","4","0","0","4.38","12","12","60.0","55","29","9","60","24","1.32","8.99","3.56","4.56","0.4","4806"
"Tony Gonsolin","LAD","3","3","0","0","4.49","11","13","58.0","54","29","10","61","24","1.35","9.53","3.75","4.57","0.4","19388"
"Kenley Jansen","LAD","2","1","12","3","3.70","0","28","28.0","23","12","4","35","11","1.21","11.19","3.55","3.68","0.4","3096"
"Richard Rodriguez","PIT","2","2","12","1","3.67","0","29","29.0","26","12","4","31","8","1.19","9.59","2.49","3.72","0.4","13549"
"Garrett Richards","BOS","3","3","0","0","4.70","9","24","57.0","58","30","8","50","23","1.43","7.96","3.64","4.46","0.4","9784"
"Adam Ottavino","BOS","2","1","3","5","3.64","0","29","29.0","24","12","3","37","16","1.36","11.48","5.02","3.57","0.4","1247"
"Dinelson Lamet","SDP","2","1","0","0","3.59","4","5","23.0","19","9","3","28","8","1.19","11.20","3.37","3.50","0.4","17186"
"Zach Thompson","MIA","2","2","0","0","4.05","9","13","42.0","39","19","5","41","17","1.35","8.79","3.59","4.11","0.4","16094"
"Mitch Keller","PIT","2","3","0","0","4.53","9","9","45.0","43","23","6","46","21","1.44","9.30","4.21","4.38","0.4","17594"
"Jakob Junis","KCR","3","4","0","3","4.61","8","31","63.0","66","32","10","57","18","1.33","8.19","2.60","4.42","0.4","13619"
"Deivi Garcia","NYY","3","3","0","0","4.84","8","8","43.0","40","23","7","45","21","1.43","9.56","4.36","4.87","0.4","20276"
"Dylan Bundy","LAA","3","3","0","0","4.52","8","24","54.0","51","27","10","56","17","1.26","9.33","2.78","4.47","0.4","12917"
"Jonathan Loaisiga","NYY","2","1","1","6","3.51","0","28","28.0","25","11","3","31","9","1.22","9.95","2.85","3.52","0.4","19753"
"Jake McGee","SFG","2","1","8","5","3.56","0","29","29.0","26","11","4","33","8","1.17","10.41","2.54","3.58","0.4","7550"
"Adbert Alzolay","CHC","3","4","0","0","4.76","12","12","58.0","56","31","10","62","24","1.38","9.73","3.72","4.66","0.4","17859"
"A.J. Minter","ATL","2","1","1","6","3.56","0","28","28.0","25","11","3","34","12","1.28","10.78","3.67","3.45","0.4","18655"
"Shane McClanahan","TBR","3","3","0","0","4.14","9","15","45.0","40","21","6","50","19","1.32","10.07","3.80","4.19","0.4","21483"
"Zach Davies","CHC","4","5","0","0","4.80","13","13","68.0","75","36","9","49","26","1.48","6.45","3.46","4.79","0.4","13183"
"Matt Manning","DET","3","4","0","0","4.81","9","9","48.0","50","25","7","40","18","1.43","7.57","3.49","4.77","0.4","20369"
"Miles Mikolas","STL","2","2","0","0","4.16","5","5","29.0","30","13","4","22","6","1.25","6.86","1.85","4.26","0.4","9803"
"Brad Hand","WSN","2","1","13","1","3.56","0","30","30.0","25","12","4","37","10","1.18","11.34","3.09","3.67","0.4","9111"
"Cole Hamels","","3","4","0","0","4.64","10","10","56.0","57","29","8","48","22","1.42","7.69","3.49","4.67","0.4","4972"
"Trevor May","NYM","2","1","0","7","3.50","0","29","29.0","23","11","4","38","11","1.16","11.89","3.31","3.46","0.4","6398"
"Mike Leake","","2","3","0","0","4.68","8","8","47.0","54","25","7","31","10","1.36","5.83","1.93","4.66","0.4","10130"
"Jesus Luzardo","OAK","2","2","0","0","4.03","7","16","37.0","34","16","6","39","12","1.26","9.50","2.99","4.14","0.4","19959"
"Andrew Chafin","CHC","1","1","0","7","3.67","0","28","28.0","25","11","3","30","11","1.29","9.82","3.48","3.51","0.4","12988"
"Devin Williams","MIL","2","2","1","5","3.38","0","28","28.0","21","11","3","40","15","1.29","12.70","4.79","3.51","0.4","15816"
"Ryan Weathers","SDP","2","2","0","0","4.28","6","8","32.0","33","15","4","26","10","1.35","7.25","2.90","4.37","0.4","23796"
"Emilio Pagan","SDP","2","1","1","6","3.69","0","27","27.0","23","11","4","32","9","1.15","10.64","2.82","3.75","0.4","14771"
"Pete Fairbanks","TBR","2","2","3","5","3.48","0","30","30.0","24","12","3","37","13","1.26","11.10","3.98","3.51","0.4","17998"
"Josh Fleming","TBR","3","3","0","0","4.32","11","14","47.0","51","22","6","32","13","1.36","6.11","2.43","4.37","0.4","20418"
"Sidney Thomas","STL","2","2","0","0","3.90","5","5","29.0","29","12","3","22","10","1.38","6.89","3.26","4.17","0.4","sa3010784"
"Jorge Lopez","BAL","2","3","0","0","4.85","9","13","42.0","43","22","7","37","16","1.42","7.94","3.51","4.81","0.4","14527"
"Kolby Allard","TEX","3","4","0","0","4.77","11","22","62.0","64","33","10","56","22","1.38","8.15","3.18","4.65","0.3","18694"
"David Robertson","","1","1","0","0","3.47","0","20","20.0","16","8","2","25","8","1.23","11.25","3.72","3.46","0.3","8241"
"Austin Adams","SDP","2","1","0","7","2.99","0","26","26.0","18","9","2","39","15","1.25","13.24","5.05","3.34","0.3","13801"
"Bailey Falter","PHI","3","3","0","3","4.39","4","26","44.0","45","22","8","42","11","1.26","8.51","2.15","4.37","0.3","20070"
"Michael Wacha","TBR","3","3","0","0","4.66","10","15","53.0","54","27","8","48","19","1.39","8.21","3.25","4.60","0.3","14078"
"Jose Alvarado","PHI","2","2","6","3","3.71","0","29","29.0","22","12","3","39","18","1.41","12.19","5.75","3.75","0.3","17780"
"Michael Kopech","CHW","2","1","0","0","3.96","4","17","28.0","24","12","4","34","13","1.32","10.73","4.21","3.99","0.3","17282"
"Justus Sheffield","SEA","3","4","0","0","4.68","9","9","49.0","50","25","7","42","22","1.48","7.81","4.14","4.78","0.3","17285"
"Drew Steckenrider","SEA","2","1","2","5","3.79","0","28","28.0","24","12","4","33","12","1.27","10.69","3.80","3.92","0.3","18806"
"Jose Cisnero","DET","2","2","5","3","4.00","0","28","28.0","25","12","4","32","13","1.33","10.21","4.02","4.05","0.3","6399"
"Alex Reyes","STL","2","2","12","2","3.77","0","29","29.0","23","12","3","37","18","1.41","11.50","5.60","3.82","0.3","15015"
"Daniel Bard","COL","2","2","10","1","4.33","0","28","28.0","25","13","3","33","13","1.39","10.65","4.37","4.08","0.3","7115"
"Seth Lugo","NYM","2","2","1","7","3.68","0","32","32.0","28","13","5","37","8","1.15","10.28","2.38","3.68","0.3","12447"
"Griffin Canning","LAA","2","2","0","0","4.65","7","7","38.0","36","19","7","38","15","1.35","9.13","3.53","4.74","0.3","19867"
"Chad Kuhl","PIT","3","4","0","0","4.74","12","12","59.0","59","31","8","54","29","1.49","8.33","4.40","4.76","0.3","14975"
"James Kaprielian","OAK","2","3","0","0","4.60","9","9","47.0","46","24","8","48","17","1.34","9.08","3.31","4.66","0.3","18331"
"Joakim Soria","ARI","2","2","11","1","4.01","0","28","28.0","26","12","3","29","10","1.28","9.55","3.18","3.77","0.3","6941"
"Keegan Akin","BAL","3","4","0","0","4.93","10","20","56.0","57","31","11","55","24","1.43","8.71","3.78","5.09","0.3","19362"
"Luke Weaver","ARI","2","2","0","0","4.48","5","5","25.0","25","12","4","25","8","1.32","9.17","2.89","4.24","0.3","16918"
"Cal Quantrill","CLE","2","3","0","0","4.98","9","11","45.0","49","25","7","36","15","1.42","7.20","3.02","4.80","0.3","19312"
"Justin Dunn","SEA","2","3","0","0","4.90","9","9","45.0","43","24","7","44","23","1.46","8.91","4.53","5.03","0.3","19268"
"Joely Rodriguez","TEX","2","1","1","5","3.82","0","28","28.0","26","12","3","29","11","1.30","9.40","3.44","3.68","0.3","11487"
"Aaron Loup","NYM","2","1","0","6","3.03","0","27","27.0","24","9","2","30","8","1.17","10.00","2.77","3.14","0.3","10343"
"Mike Foltynewicz","TEX","3","5","0","0","5.15","13","13","72.0","77","41","14","61","24","1.39","7.61","2.96","5.13","0.3","10811"
"Codi Heuer","CHW","2","1","0","6","3.86","0","28","28.0","27","12","3","27","9","1.28","8.48","2.92","3.91","0.3","23293"
"Jordan Romano","TOR","2","1","11","2","3.70","0","31","31.0","26","13","4","36","13","1.26","10.63","3.75","3.78","0.3","16122"
"Joe Kelly","LAD","2","1","2","7","3.53","0","28","28.0","24","11","3","32","12","1.29","10.16","3.83","3.55","0.3","9761"
"Corey Kluber","NYY","1","1","0","0","4.02","3","3","17.0","16","7","2","17","5","1.24","9.17","2.72","4.08","0.3","2429"
"Aaron Bummer","CHW","1","1","0","5","3.16","0","27","27.0","22","10","2","31","12","1.27","10.18","4.08","3.35","0.3","16258"
"Mike Mayers","LAA","2","1","1","5","4.04","0","28","28.0","25","13","4","34","11","1.26","10.84","3.49","3.97","0.3","15451"
"Triston McKenzie","CLE","2","3","0","0","4.89","8","8","40.0","36","22","7","47","21","1.44","10.65","4.84","4.84","0.3","18000"
"Taylor Widener","ARI","2","3","0","0","4.91","9","10","48.0","47","26","8","49","21","1.42","9.12","3.98","4.77","0.3","19266"
"Nate Pearson","TOR","1","1","0","0","4.43","5","5","25.0","23","12","4","26","10","1.35","9.33","3.68","4.43","0.3","20160"
"Wily Peralta","DET","2","3","0","0","5.03","10","14","44.0","47","24","7","34","20","1.53","6.95","4.12","5.07","0.3","7738"
"Bailey Ober","MIN","2","2","0","0","4.74","7","7","37.0","38","19","7","35","10","1.30","8.70","2.54","4.70","0.3","21224"
"Eric Lauer","MIL","2","2","0","0","4.70","6","8","35.0","35","19","6","35","14","1.40","8.88","3.61","4.66","0.3","19316"
"Wander Suero","WSN","2","2","0","8","4.16","0","28","28.0","27","13","4","29","10","1.31","9.35","3.17","4.03","0.3","15855"
"Caleb Smith","ARI","2","3","0","0","4.85","10","13","43.0","39","23","8","47","20","1.40","9.93","4.30","4.85","0.3","14875"
"Andrew Kittredge","TBR","2","1","1","5","3.45","0","28","28.0","25","11","3","30","8","1.20","9.65","2.60","3.48","0.3","12828"
"Paul Sewald","SEA","2","2","1","6","3.77","0","27","27.0","23","11","4","32","10","1.22","10.60","3.25","3.72","0.3","13892"
"Cole Sulser","BAL","2","2","6","4","4.11","0","28","28.0","25","13","4","32","13","1.34","10.28","4.12","4.15","0.3","15256"
"Bruce Zimmermann","BAL","2","3","0","0","5.10","7","10","42.0","45","24","8","35","17","1.47","7.52","3.59","5.20","0.2","20370"
"Steven Brault","PIT","2","3","0","0","4.51","7","7","39.0","38","19","5","35","19","1.47","8.06","4.42","4.64","0.2","15291"
"Spencer Howard","PHI","2","2","0","0","4.49","5","13","29.0","27","15","5","33","13","1.37","9.99","4.06","4.46","0.2","23252"
"Luke Jackson","ATL","2","1","0","7","3.97","0","27","27.0","25","12","3","30","12","1.37","10.08","3.99","3.78","0.2","11752"
"Max Kranick","PIT","2","3","0","0","4.89","6","6","36.0","38","20","6","29","13","1.41","7.37","3.25","4.90","0.2","22175"
"Daniel Hudson","WSN","2","2","2","6","4.09","0","29","29.0","25","13","4","35","12","1.28","10.86","3.78","4.08","0.2","7146"
"David Bednar","PIT","1","1","1","5","3.91","0","28","28.0","25","12","3","33","12","1.31","10.42","3.87","3.82","0.2","19569"
"Matt Harvey","BAL","3","4","0","0","5.38","10","10","50.0","56","30","10","38","17","1.44","6.76","2.99","5.29","0.2","11713"
"Randy Dobnak","MIN","3","4","0","0","4.83","9","20","47.0","54","25","7","30","14","1.44","5.83","2.62","4.71","0.2","23798"
"Jose Quintana","LAA","2","2","0","4","4.37","4","29","43.0","41","21","7","45","16","1.32","9.41","3.30","4.31","0.2","11423"
"Alec Mills","CHC","2","3","0","0","4.78","9","12","38.0","40","20","6","32","13","1.39","7.52","3.11","4.73","0.2","13834"
"MacKenzie Gore","SDP","1","1","0","0","4.18","4","4","24.0","22","11","3","22","10","1.38","8.51","3.99","4.46","0.2","sa3005068"
"Collin McHugh","TBR","2","1","0","5","3.35","0","27","27.0","22","10","3","32","9","1.16","10.87","2.99","3.36","0.2","7531"
"Jake Cousins","MIL","1","1","0","4","3.31","0","25","25.0","21","9","3","31","9","1.19","11.20","3.35","3.31","0.2","21620"
"Erick Fedde","WSN","2","3","0","0","4.92","8","14","44.0","47","24","7","36","18","1.49","7.45","3.70","4.81","0.2","17425"
"Elieser Hernandez","MIA","1","1","0","0","4.43","5","5","27.0","25","13","5","29","9","1.25","9.96","2.98","4.39","0.2","16933"
"Jake Diekman","OAK","2","1","6","3","3.57","0","29","29.0","22","11","3","38","16","1.33","12.05","5.06","3.79","0.2","5003"
"Kris Bubic","KCR","2","3","0","0","4.92","8","13","42.0","43","23","6","37","19","1.48","8.03","4.17","4.88","0.2","21455"
"Tim Mayza","TOR","2","1","0","6","3.63","0","31","31.0","28","13","3","34","13","1.31","9.65","3.68","3.78","0.2","15042"
"Dylan Floro","MIA","2","1","0","5","3.68","0","27","27.0","27","11","2","24","10","1.33","7.88","3.30","3.65","0.2","13394"
"Craig Stammen","SDP","2","1","0","6","3.69","0","26","26.0","25","10","3","24","6","1.19","8.58","2.03","3.59","0.2","7274"
"Yimi Garcia","MIA","2","2","10","2","3.92","0","29","29.0","26","13","4","31","9","1.22","9.60","2.96","3.97","0.2","12095"
"Mark Melancon","SDP","2","1","13","1","3.83","0","28","28.0","27","12","3","24","9","1.33","7.82","3.07","3.87","0.2","4264"
"Luis Patino","TBR","2","2","0","0","4.31","4","12","25.0","23","12","3","27","12","1.39","9.66","4.39","4.39","0.2","22815"
"Jeff Hoffman","CIN","2","2","0","0","4.93","6","12","31.0","30","17","5","33","15","1.45","9.39","4.29","4.78","0.2","17432"
"Dean Kremer","BAL","2","3","0","0","5.44","8","8","39.0","41","24","8","37","18","1.51","8.50","4.22","5.45","0.2","19350"
"Hector Neris","PHI","2","2","4","6","4.03","0","30","30.0","26","14","5","37","13","1.28","10.96","3.73","4.15","0.2","11804"
"Kyle Muller","ATL","2","2","0","0","4.66","7","8","35.0","33","18","5","37","21","1.53","9.52","5.44","4.68","0.2","20167"
"Chris Martin","ATL","2","1","1","5","3.58","0","25","25.0","24","10","3","25","5","1.17","8.85","1.90","3.42","0.2","11847"
"Ian Kennedy","TEX","1","1","11","1","4.14","0","29","29.0","27","13","5","32","9","1.24","10.06","2.83","4.13","0.2","6986"
"Tyler Matzek","ATL","2","1","0","6","3.60","0","27","27.0","21","11","3","37","17","1.39","12.26","5.52","3.65","0.2","10058"
"Huascar Ynoa","ATL","1","1","0","0","4.46","4","4","21.0","20","10","3","21","9","1.41","9.37","4.07","4.35","0.2","20468"
"Jake Arrieta","CHC","3","4","0","0","4.98","9","9","48.0","51","27","8","39","19","1.47","7.39","3.60","4.91","0.2","4153"
"Wade LeBlanc","STL","2","2","0","0","4.59","7","10","37.0","38","19","6","27","11","1.33","6.52","2.75","4.89","0.2","5221"
"Jon Lester","WSN","3","4","0","0","5.27","12","12","61.0","69","36","11","48","22","1.50","7.16","3.28","5.12","0.2","4930"
"Ryan Rolison","COL","1","1","0","0","5.10","4","4","20.0","22","11","3","18","8","1.48","7.95","3.41","4.82","0.2","sa3008244"
"Anibal Sanchez","","3","4","0","0","5.08","10","10","56.0","60","31","10","46","19","1.41","7.37","3.07","5.03","0.2","3284"
"Tyler Rogers","SFG","2","1","8","4","3.82","0","30","30.0","31","13","2","22","10","1.35","6.74","2.90","3.81","0.2","15541"
"Jimmy Nelson","LAD","2","1","0","5","3.56","0","24","24.0","21","10","3","29","10","1.26","10.83","3.64","3.61","0.2","10547"
"Michael King","NYY","1","1","0","0","4.50","4","10","21.0","21","10","3","19","7","1.34","8.04","2.95","4.49","0.2","19853"
"Phil Maton","CLE","1","1","0","5","3.71","0","26","26.0","23","11","3","32","10","1.23","11.06","3.40","3.62","0.2","18064"
"Daniel Norris","DET","2","2","0","4","4.33","1","26","30.0","30","15","4","29","10","1.33","8.78","3.09","4.16","0.2","13475"
"Jordan Lyles","TEX","2","4","0","0","5.26","11","15","48.0","52","28","9","40","17","1.43","7.62","3.14","5.06","0.2","7593"
"Zack Britton","NYY","2","1","1","5","3.84","0","28","28.0","26","12","2","25","15","1.44","8.18","4.69","4.04","0.2","3240"
"Art Warren","CIN","2","2","0","5","4.08","0","27","27.0","23","12","3","32","14","1.39","10.84","4.74","4.10","0.2","18251"
"Ranger Suarez","PHI","2","1","2","5","3.98","0","27","27.0","27","12","3","26","9","1.32","8.46","3.09","3.96","0.2","17277"
"Josh Taylor","BOS","1","1","0","6","3.79","0","26","26.0","23","11","3","31","12","1.32","10.44","4.04","3.75","0.2","17359"
"Mychal Givens","COL","1","2","1","5","4.74","0","28","28.0","27","15","5","34","12","1.36","10.60","3.85","4.39","0.2","10430"
"Carlos Martinez","STL","1","2","0","0","4.56","4","4","23.0","23","12","3","19","10","1.43","7.43","3.81","4.64","0.2","11682"
"Pierce Johnson","SDP","2","1","0","4","3.61","0","23","23.0","18","9","2","28","10","1.26","11.04","4.02","3.54","0.2","13435"
"Brent Suter","MIL","2","2","0","6","3.84","0","28","28.0","26","12","4","28","7","1.22","9.09","2.40","3.89","0.2","13942"
"Cody Poteet","MIA","2","3","0","0","5.01","7","7","38.0","40","21","6","30","16","1.46","7.17","3.73","5.01","0.2","18769"
"Dominic Leone","SFG","1","1","1","8","3.89","0","28","28.0","25","12","3","33","12","1.30","10.58","3.86","3.70","0.2","13763"
"Richard Bleier","MIA","1","1","0","5","3.45","0","26","26.0","27","10","2","20","5","1.22","6.74","1.76","3.53","0.2","7803"
"John King","TEX","2","2","0","0","4.23","4","20","31.0","33","15","4","26","10","1.37","7.44","2.95","4.26","0.2","22051"
"Heath Hembree","CIN","1","2","6","4","4.40","0","28","28.0","24","14","5","39","12","1.27","12.41","3.78","4.32","0.1","11632"
"Tim Hill","SDP","2","1","0","5","3.51","0","23","23.0","21","9","2","24","8","1.26","9.24","3.24","3.60","0.1","16814"
"Tyler Duffey","MIN","1","1","0","6","4.03","0","28","28.0","26","13","4","30","10","1.30","9.61","3.35","3.93","0.1","13758"
"Edward Cabrera","MIA","1","1","0","0","3.82","2","18","24.0","22","10","3","25","10","1.30","9.26","3.64","3.95","0.1","sa920423"
"Jose Urena","DET","2","3","0","0","5.12","9","11","43.0","46","24","7","29","18","1.49","6.16","3.68","5.20","0.1","11589"
"Lou Trivino","OAK","2","1","7","3","3.91","0","28","28.0","25","12","3","29","13","1.36","9.15","4.27","4.09","0.1","15043"
"J.B. Wendelken","OAK","2","1","0","5","3.95","0","27","27.0","24","12","3","27","11","1.32","9.17","3.68","4.06","0.1","14506"
"Carlos Estevez","COL","1","1","1","6","4.66","0","27","27.0","28","14","4","29","10","1.39","9.70","3.35","4.27","0.1","14542"
"Kyle Wright","ATL","2","2","0","0","4.79","5","13","31.0","31","16","4","29","14","1.46","8.50","4.05","4.63","0.1","19665"
"Hirokazu Sawamura","BOS","1","1","0","6","4.12","0","28","28.0","25","13","4","31","13","1.36","10.22","4.27","4.10","0.1","27515"
"Noe Ramirez","ARI","1","1","1","5","4.33","0","28","28.0","26","13","4","28","11","1.34","9.27","3.44","4.33","0.1","12800"
"Jeff Samardzija","","2","3","0","0","5.36","8","8","45.0","50","27","9","34","14","1.42","6.72","2.81","5.35","0.1","3254"
"Josh Sborz","TEX","2","2","0","6","4.02","0","28","28.0","24","12","4","32","12","1.33","10.58","4.04","3.97","0.1","18323"
"Gregory Soto","DET","1","2","5","4","4.27","0","29","29.0","25","14","3","32","17","1.48","9.92","5.38","4.33","0.1","19677"
"Jose Suarez","LAA","2","2","0","0","4.82","5","8","28.0","28","15","5","25","12","1.45","8.26","3.97","4.97","0.1","19911"
"Drew Rasmussen","TBR","1","1","0","4","3.56","0","26","26.0","20","10","3","34","13","1.27","11.85","4.45","3.64","0.1","25385"
"Jackson Kowar","KCR","1","2","0","0","4.90","4","4","23.0","24","12","3","18","9","1.45","7.33","3.68","4.81","0.1","21549"
"Ryan Tepera","CHC","1","1","0","7","3.93","0","27","27.0","24","12","3","29","11","1.32","9.86","3.85","4.02","0.1","10291"
"Rafael Montero","SEA","1","1","0","5","3.80","0","24","24.0","22","10","3","24","8","1.26","9.14","3.06","3.96","0.1","12760"
"Jake Faria","ARI","1","2","0","0","4.78","4","15","27.0","27","14","4","27","12","1.44","8.82","3.97","4.70","0.1","13699"
"Brett Martin","TEX","1","1","0","5","4.06","0","28","28.0","28","12","3","24","10","1.38","7.89","3.40","4.09","0.1","17369"
"Trevor Cahill","PIT","1","1","0","0","4.37","2","12","18.0","18","9","2","17","7","1.38","8.23","3.66","4.29","0.1","6249"
"JC Mejia","CLE","1","2","0","0","4.63","4","11","22.0","23","12","3","19","9","1.41","7.74","3.56","4.56","0.1","20617"
"Nick Sandlin","CLE","1","1","0","4","3.73","0","24","24.0","19","10","3","31","13","1.32","11.61","4.69","3.82","0.1","20517"
"Tucker Davidson","ATL","1","1","0","0","4.63","3","3","15.0","14","7","2","14","8","1.51","8.44","4.73","4.56","0.1","19871"
"Tanner Houck","BOS","1","1","0","0","4.83","3","3","14.0","14","7","2","12","6","1.47","8.18","4.07","4.69","0.1","19879"
"Amir Garrett","CIN","1","1","3","6","4.20","0","28","28.0","23","13","5","37","14","1.35","12.15","4.67","4.28","0.1","14375"
"Aaron Sanchez","SFG","2","2","0","0","4.65","4","13","29.0","30","15","3","24","14","1.52","7.42","4.36","4.59","0.1","11490"
"Lucas Sims","CIN","1","1","2","3","4.09","0","23","23.0","19","11","4","32","11","1.28","12.40","4.19","4.10","0.1","13470"
"Connor Brogdon","PHI","2","1","0","5","4.12","0","26","26.0","23","12","4","30","11","1.30","10.43","3.81","4.16","0.1","21205"
"Daniel Lynch","KCR","1","1","0","0","4.84","3","3","14.0","15","7","2","11","6","1.46","6.83","3.59","4.79","0.1","21537"
"Braxton Garrett","MIA","1","1","0","0","4.28","2","5","15.0","15","7","2","14","7","1.42","8.31","4.05","4.40","0.1","21844"
"Vladimir Gutierrez","CIN","2","3","0","0","5.52","7","7","39.0","42","24","8","34","15","1.48","7.90","3.59","5.41","0.1","19278"
"Nestor Cortes","NYY","1","1","0","0","4.46","2","15","21.0","20","11","4","22","9","1.34","9.34","3.68","4.69","0.1","17874"
"Bryse Wilson","ATL","1","1","0","0","4.64","2","11","19.0","20","10","3","17","6","1.33","8.09","2.66","4.50","0.1","19990"
"Brad Peacock","CLE","1","1","0","0","3.89","0","15","15.0","13","6","2","17","6","1.26","10.33","3.33","3.84","0.1","5401"
"Ryne Stanek","HOU","1","1","1","6","4.14","0","28","28.0","23","13","4","35","14","1.34","11.31","4.63","4.29","0.1","15947"
"Garrett Crochet","CHW","2","1","0","3","3.47","0","23","23.0","19","9","2","28","10","1.25","10.72","3.98","3.56","0.1","27463"
"Archie Bradley","PHI","2","1","2","6","4.19","0","28","28.0","27","13","4","29","12","1.38","9.23","3.85","4.28","0.1","12918"
"Caleb Thielbar","MIN","1","1","0","4","4.09","0","24","24.0","22","11","4","27","8","1.25","9.84","2.96","4.05","0.1","10078"
"Sam Long","SFG","1","1","0","0","4.31","2","9","16.0","15","8","2","15","6","1.36","8.39","3.53","4.22","0.1","25379"
"Brad Brach","CIN","1","1","1","5","4.17","0","28","28.0","24","13","4","31","15","1.39","10.08","4.79","4.38","0.1","6627"
"Nick Wittgren","CLE","2","2","0","7","4.17","0","29","29.0","28","14","5","31","9","1.26","9.58","2.85","4.15","0.1","15594"
"Humberto Castellanos","ARI","1","1","0","0","4.59","3","8","16.0","17","8","2","13","6","1.41","6.93","3.22","4.53","0.1","21183"
"Anthony Bender","MIA","1","1","4","5","4.03","0","28","28.0","26","13","3","27","11","1.34","8.82","3.57","4.16","0.1","19742"
"Shane Baz","TBR","0","1","0","0","4.17","1","1","8.0","7","4","1","8","3","1.31","9.11","3.63","4.33","0.1","sa3004765"
"Ethan Small","MIL","0","1","0","0","4.21","1","1","8.0","7","4","1","8","4","1.39","9.29","4.23","4.43","0.1","sa3011621"
"Garrett Whitlock","BOS","1","1","0","5","4.20","0","25","25.0","25","12","3","23","9","1.37","8.39","3.35","4.01","0.1","20191"
"Mitch White","LAD","1","0","0","0","4.39","1","5","9.0","9","4","1","9","4","1.36","8.88","3.53","4.37","0.1","19225"
"Shane Greene","ATL","1","1","0","4","4.12","0","23","23.0","22","11","3","24","9","1.31","9.09","3.31","4.19","0.1","10756"
"Jose Alvarez","SFG","1","1","0","4","3.95","0","21","21.0","21","9","2","17","7","1.36","7.48","3.16","3.84","0.1","5358"
"Cristian Javier","HOU","2","2","0","4","4.42","2","25","31.0","26","15","5","40","16","1.35","11.50","4.70","4.58","0.1","17606"
"Chris Stratton","PIT","1","2","0","6","4.36","0","28","28.0","27","13","4","27","11","1.37","8.68","3.45","4.20","0.1","13761"
"Roansy Contreras","PIT","0","1","0","0","4.45","1","1","8.0","8","4","1","7","3","1.38","8.21","3.54","4.48","0.1","sa3003020"
"Bud Norris","","1","1","0","0","4.12","0","18","18.0","17","8","2","19","8","1.36","9.54","3.92","4.18","0.1","9492"
"Kyle Bradish","BAL","0","1","0","0","4.73","1","1","8.0","8","4","1","8","4","1.48","8.46","4.63","4.90","0.1","sa3008605"
"Lucas Luetge","NYY","1","1","0","4","4.25","0","24","24.0","24","11","4","25","8","1.30","9.17","2.95","4.37","0.1","8337"
"Rex Brothers","CHC","1","1","0","5","3.95","0","23","23.0","17","10","3","33","16","1.42","13.02","6.05","3.99","0.1","9794"
"Miguel Castro","NYM","1","1","0","6","3.92","0","29","29.0","24","13","3","32","15","1.37","9.95","4.72","4.06","0.1","15684"
"Sean Doolittle","CIN","1","2","0","5","4.45","0","26","26.0","24","13","5","29","9","1.27","10.02","3.09","4.49","0.1","1581"
"A.J. Puk","OAK","2","2","0","1","4.35","2","19","27.0","25","13","4","28","14","1.43","9.21","4.48","4.40","0.1","19343"
"Kyle Finnegan","WSN","1","1","0","6","4.23","0","26","26.0","24","12","3","29","12","1.40","9.97","4.29","4.16","0.1","15009"
"Josiah Gray","LAD","1","0","0","0","4.39","1","1","8.0","8","4","1","8","3","1.30","8.93","3.12","4.50","0.1","sa3007475"
"Genesis Cabrera","STL","2","2","0","7","4.00","0","28","28.0","24","13","4","33","14","1.35","10.54","4.48","4.20","0.1","17490"
"Reynaldo Lopez","CHW","1","1","0","0","4.79","2","8","14.0","14","8","3","13","5","1.37","8.09","3.46","4.95","0.1","16400"
"Sean Reid-Foley","NYM","1","1","0","1","4.31","1","17","22.0","19","11","3","25","12","1.43","10.10","5.03","4.51","0.1","17034"
"JT Chargois","SEA","1","1","0","1","3.65","0","16","16.0","14","7","2","18","6","1.27","9.82","3.61","3.81","0.1","13767"
"Andrew Cashner","","1","1","0","0","4.21","0","20","20.0","20","9","3","17","7","1.35","7.87","3.07","4.27","0.1","8782"
"Yusmeiro Petit","OAK","2","2","0","7","4.23","0","29","29.0","30","14","5","22","6","1.23","6.83","1.90","4.39","0.1","4020"
"Scott Alexander","LAD","2","1","0","6","3.90","0","25","25.0","25","11","2","20","11","1.41","7.25","3.72","4.04","0.1","10591"
"Joseph Ryan","TBR","0","0","0","0","3.77","1","3","7.0","6","3","1","8","2","1.16","10.18","2.83","3.90","0.1","sa3007584"
"Luis Cessa","NYY","1","1","0","5","4.30","0","26","26.0","26","12","3","24","10","1.38","8.11","3.56","4.32","0.1","13345"
"Michael Fulmer","DET","1","1","0","1","4.18","0","18","18.0","18","9","2","17","5","1.28","8.12","2.62","4.12","0.1","13218"
"Cooper Criswell","LAA","0","1","0","0","4.59","1","1","8.0","9","4","1","7","2","1.33","7.33","2.67","4.75","0.1","sa3008606"
"Anthony Misiewicz","SEA","1","2","1","5","4.29","0","27","27.0","26","13","4","26","8","1.29","8.88","2.85","4.30","0.1","18152"
"Jose De Leon","CIN","1","1","0","0","4.61","1","13","17.0","15","9","3","23","10","1.44","11.83","5.21","4.63","0.1","15463"
"Sergio Romo","OAK","1","1","0","5","4.07","0","26","26.0","24","12","4","26","9","1.27","8.90","2.99","4.23","0.1","9817"
"Kendall Graveman","SEA","1","2","10","2","4.25","0","28","28.0","28","13","4","24","9","1.33","7.84","2.84","4.28","0.1","15514"
"Kyle Keller","PIT","1","1","0","1","4.20","0","18","18.0","15","8","2","22","9","1.37","11.14","4.49","4.02","0.1","18890"
"Jace Fry","CHW","1","1","0","5","4.17","0","27","27.0","23","12","3","30","16","1.46","10.31","5.44","4.20","0.1","16159"
"Aaron Ashby","MIL","1","1","0","3","3.25","0","22","22.0","19","8","2","27","11","1.32","10.71","4.43","3.51","0.1","23550"
"Paolo Espino","WSN","1","2","0","0","5.12","3","19","28.0","30","16","5","25","8","1.39","7.94","2.70","4.97","0.1","8246"
"Josh James","HOU","1","1","0","3","3.55","0","21","21.0","16","8","3","27","10","1.25","11.74","4.38","3.74","0.1","16794"
"Alex Colome","MIN","2","2","4","5","4.13","0","28","28.0","27","13","3","25","11","1.34","8.15","3.38","4.24","0.1","6661"
"Brooks Raley","HOU","2","2","0","7","4.12","0","29","29.0","27","13","4","28","11","1.32","8.80","3.45","4.30","0.1","10061"
"Lewis Thorpe","MIN","1","1","0","0","4.70","1","10","14.0","15","7","2","13","5","1.40","8.22","3.13","4.66","0.1","15906"
"Drew Pomeranz","SDP","1","1","0","3","3.41","0","18","18.0","14","7","2","24","9","1.28","11.92","4.35","3.45","0.1","11426"
"Brad Wieck","CHC","1","1","0","2","3.96","0","19","19.0","15","8","2","24","9","1.27","11.64","4.28","3.81","0.1","16390"
"Matt Wisler","TBR","1","1","0","2","3.98","0","20","20.0","18","9","3","23","6","1.21","9.94","2.81","3.97","0.1","12804"
"Miguel Yajure","PIT","1","1","0","0","4.52","1","7","13.0","13","6","2","11","4","1.38","7.75","3.15","4.50","0.1","21111"
"Austin Voth","WSN","1","2","0","6","4.63","1","28","30.0","30","15","5","30","10","1.35","8.99","3.05","4.50","0.1","15047"
"Phil Bickford","LAD","1","1","0","6","3.85","0","28","28.0","23","12","3","31","13","1.30","10.12","4.09","4.10","0.1","18519"
"Hansel Robles","MIN","2","2","6","4","4.36","0","30","30.0","27","14","4","32","13","1.37","9.60","4.08","4.29","0.1","11801"
"Tyler Wells","BAL","1","2","1","5","4.71","0","26","26.0","25","14","5","28","9","1.31","9.67","3.17","4.72","0.1","20000"
"Alex Claudio","LAA","1","1","0","6","4.16","0","29","29.0","30","13","3","21","10","1.39","6.67","3.23","4.25","0.1","12890"
"Sean Hjelle","SFG","0","0","0","0","3.98","1","1","4.0","4","2","0","3","1","1.36","7.48","3.13","3.93","0.1","sa3007989"
"Kohei Arihara","TEX","1","1","0","0","5.01","3","3","15.0","17","8","3","12","4","1.39","7.28","2.63","4.89","0.1","27505"
"Clay Holmes","PIT","1","1","0","5","4.12","0","24","24.0","23","11","2","25","14","1.50","9.08","5.14","4.13","0.1","13649"
"Zac Lowther","BAL","1","2","0","0","5.19","4","11","26.0","27","15","5","24","13","1.50","8.24","4.36","5.34","0.1","20243"
"Daulton Jefferies","OAK","0","0","0","0","4.05","1","7","9.0","9","4","1","8","2","1.23","8.04","2.31","4.18","0.0","19345"
"Jeurys Familia","NYM","1","1","0","5","3.99","0","26","26.0","22","11","2","28","15","1.44","9.74","5.12","4.05","0.0","5114"
"Ryan Helsley","STL","2","2","0","6","4.20","0","28","28.0","26","13","3","29","14","1.41","9.29","4.58","4.33","0.0","18138"
"Rafael Dolis","TOR","2","2","1","5","3.95","0","28","28.0","24","12","3","32","14","1.38","10.22","4.63","4.06","0.0","4185"
"Josh Lindblom","MIL","0","0","0","0","4.58","1","3","7.0","7","4","1","7","2","1.29","9.12","2.74","4.42","0.0","7882"
"Josh Staumont","KCR","1","1","4","4","4.44","0","27","27.0","23","13","3","32","17","1.51","10.54","5.79","4.45","0.0","18335"
"Miguel Diaz","SDP","1","1","0","0","4.63","2","14","20.0","19","10","3","21","11","1.48","9.51","4.92","4.60","0.0","18815"
"Dillon Tate","BAL","1","1","0","5","4.53","0","26","26.0","26","13","3","22","10","1.39","7.44","3.37","4.55","0.0","17796"
"Justin Steele","CHC","1","1","0","0","4.49","1","5","9.0","9","5","1","10","5","1.45","9.65","4.63","4.55","0.0","17312"
"Tejay Antone","CIN","1","1","2","2","4.01","0","20","20.0","19","9","3","22","8","1.31","9.88","3.63","3.98","0.0","16233"
"Corey Oswalt","NYM","1","1","0","0","4.43","1","14","20.0","20","10","3","19","6","1.29","8.43","2.68","4.50","0.0","13677"
"Josh Winder","MIN","0","1","0","0","4.92","1","1","8.0","9","5","2","7","3","1.37","7.72","3.06","4.95","0.0","sa3007993"
"Jake Brentz","KCR","1","1","1","5","3.97","0","27","27.0","23","12","3","30","17","1.47","10.15","5.60","4.26","0.0","17783"
"Jefry Rodriguez","WSN","1","1","0","0","4.95","1","13","17.0","17","9","2","15","9","1.55","8.14","4.98","4.91","0.0","17018"
"Reiss Knehr","SDP","1","1","0","0","4.78","2","2","12.0","12","6","2","10","6","1.49","7.41","4.34","4.94","0.0","21541"
"Ryan Thompson","TBR","1","1","0","3","3.88","0","25","25.0","24","11","3","23","8","1.27","8.48","2.91","3.89","0.0","16647"
"Tyler Alexander","DET","1","2","0","2","4.59","1","22","24.0","26","12","4","21","5","1.29","7.77","1.99","4.46","0.0","17735"
"Deolis Guerra","OAK","1","1","0","2","3.91","0","19","19.0","18","8","2","20","6","1.26","9.29","3.05","3.95","0.0","8410"
"Joe Mantiply","ARI","1","1","0","6","4.26","0","28","28.0","27","13","3","25","11","1.38","8.09","3.62","4.23","0.0","14857"
"Sam Howard","PIT","1","1","0","4","4.16","0","23","23.0","21","11","3","27","12","1.39","10.46","4.52","4.24","0.0","16265"
"Kohl Stewart","CHC","0","1","0","0","5.02","1","1","8.0","9","4","1","6","3","1.54","6.42","3.84","4.87","0.0","15502"
"Jose Ruiz","CHW","1","1","0","6","4.51","0","27","27.0","26","14","4","28","13","1.44","9.22","4.48","4.63","0.0","14552"
"Andrew Triggs","","1","1","0","0","4.22","0","12","12.0","12","6","2","11","4","1.34","8.46","3.24","4.19","0.0","13533"
"Sam Coonrod","PHI","1","1","0","2","4.16","0","19","19.0","17","9","2","21","9","1.36","9.69","4.20","4.22","0.0","17264"
"Steve Cishek","LAA","1","1","0","5","4.24","0","27","27.0","26","13","3","26","13","1.43","8.62","4.38","4.40","0.0","6483"
"Matt Moore","PHI","2","3","0","0","5.46","7","15","37.0","40","22","8","34","15","1.49","8.17","3.66","5.43","0.0","1890"
"John Brebbia","SFG","1","1","0","3","3.80","0","20","20.0","18","8","3","23","6","1.21","10.28","2.92","3.77","0.0","12777"
"Andres Munoz","SEA","0","0","0","0","3.30","0","10","10.0","7","4","1","13","5","1.25","12.06","4.57","3.50","0.0","20373"
"Anthony Bass","MIA","2","2","1","5","4.16","0","28","28.0","27","13","4","27","11","1.34","8.56","3.50","4.22","0.0","7982"
"Anthony Kay","TOR","1","1","0","0","4.78","4","9","21.0","20","11","3","20","10","1.47","8.93","4.49","4.78","0.0","20387"
"Robert Stock","NYM","0","1","0","0","4.57","1","6","8.0","8","4","1","9","4","1.50","10.01","5.01","4.51","0.0","6576"
"Kyle McGowin","WSN","1","1","0","3","4.49","0","21","21.0","20","10","3","22","8","1.33","9.64","3.27","4.28","0.0","15071"
"Justin Topa","MIL","1","1","0","0","3.71","0","17","17.0","16","7","2","18","6","1.27","9.35","3.13","3.75","0.0","15145"
"Michael Lorenzen","CIN","1","1","0","0","3.94","0","16","16.0","15","7","2","17","6","1.33","9.50","3.65","3.99","0.0","14843"
"Jhoulys Chacin","COL","1","2","0","1","5.46","2","21","27.0","30","16","5","24","11","1.53","8.05","3.71","4.99","0.0","2608"
"Darren McCaughan","SEA","0","1","0","0","4.87","1","1","8.0","9","4","1","6","2","1.36","6.46","2.61","5.09","0.0","sa3005014"
"Joe Smith","HOU","2","1","0","5","4.10","0","26","26.0","25","12","4","23","7","1.25","7.97","2.40","4.18","0.0","3281"
"Joe Jimenez","DET","1","2","0","5","4.51","0","26","26.0","24","13","4","29","13","1.40","9.97","4.38","4.56","0.0","15761"
"Jeffrey Springs","TBR","1","1","0","0","3.80","0","18","18.0","15","7","3","23","7","1.26","11.62","3.73","3.79","0.0","17677"
"Matt Peacock","ARI","1","1","0","0","4.83","1","10","15.0","16","8","2","10","6","1.51","6.28","3.57","4.67","0.0","20339"
"Jordan Balazovic","MIN","0","0","0","0","4.73","1","1","4.0","4","2","1","4","2","1.37","8.31","3.39","4.73","0.0","sa918017"
"Griffin Jax","MIN","1","2","0","0","5.28","2","18","26.0","30","15","5","18","8","1.46","6.29","2.72","5.10","0.0","20253"
"Bernardo Flores Jr.","COL","0","0","0","0","4.68","1","4","7.0","7","3","1","4","2","1.43","5.86","2.74","4.69","0.0","19561"
"Edinson Volquez","","1","1","0","0","4.32","0","12","12.0","12","6","1","12","6","1.44","8.65","4.32","4.40","0.0","3990"
"Tyler Beede","SFG","1","1","0","0","4.61","1","13","19.0","18","10","2","19","9","1.45","9.20","4.36","4.48","0.0","16981"
"Erik Swanson","SEA","1","1","0","3","4.39","0","20","20.0","19","10","3","22","7","1.25","9.72","2.96","4.31","0.0","16587"
"Hoby Milner","MIL","0","0","0","0","3.69","0","10","10.0","9","4","1","12","3","1.21","10.23","2.92","3.83","0.0","13346"
"John Gant","STL","2","2","0","3","4.45","1","23","27.0","26","13","3","24","15","1.49","8.05","4.92","4.58","0.0","13684"
"Darien Nunez","LAD","1","1","0","0","3.65","0","18","18.0","14","7","2","21","8","1.30","11.03","4.28","3.87","0.0","21197"
"Connor Seabold","BOS","0","0","0","0","4.90","1","1","4.0","4","2","1","3","1","1.40","7.45","3.18","4.82","0.0","sa829464"
"Rowan Wick","CHC","1","1","0","0","4.02","0","16","16.0","14","7","2","16","7","1.37","9.39","4.05","4.04","0.0","14646"
"Trent Thornton","TOR","1","1","0","0","4.77","2","9","13.0","14","7","2","13","5","1.36","8.69","3.10","4.61","0.0","17948"
"Austin Davis","PIT","1","1","0","0","4.08","0","14","14.0","13","6","2","15","6","1.36","9.57","4.05","4.13","0.0","17117"
"Victor Gonzalez","LAD","1","1","0","3","3.77","0","20","20.0","19","8","2","20","8","1.34","8.80","3.65","3.95","0.0","16408"
"Alec Bettinger","MIL","0","1","0","0","4.79","1","6","8.0","9","4","2","8","3","1.34","8.34","2.86","4.77","0.0","20312"
"Corbin Martin","ARI","1","1","0","0","5.14","2","5","15.0","15","8","2","13","7","1.52","8.31","4.39","5.08","0.0","19884"
"Kyle Cody","TEX","1","1","0","0","4.70","1","11","14.0","14","7","2","13","6","1.47","8.43","4.05","4.73","0.0","19686"
"Eli Morgan","CLE","1","2","0","0","5.48","4","4","23.0","25","14","5","20","8","1.42","7.64","3.02","5.44","0.0","20203"
"John Curtiss","MIA","1","1","0","3","4.03","0","23","23.0","21","10","3","25","10","1.33","9.44","3.78","4.04","0.0","16128"
"Sean Newcomb","ATL","1","1","0","0","4.17","0","15","15.0","14","7","2","17","7","1.37","9.80","4.30","4.16","0.0","16943"
"Matt Strahm","SDP","0","0","0","0","3.71","0","8","8.0","7","3","1","8","3","1.21","9.29","2.80","3.87","0.0","13799"
"Mason Thompson","SDP","1","1","0","0","4.06","0","16","16.0","15","7","2","16","8","1.41","8.91","4.39","4.24","0.0","21850"
"Darwinzon Hernandez","BOS","2","1","0","7","4.12","0","28","28.0","22","13","3","37","20","1.48","11.79","6.32","4.30","0.0","19848"
"Jesse Hahn","KCR","1","1","0","2","4.52","0","20","20.0","19","10","2","19","10","1.46","8.46","4.48","4.41","0.0","13287"
"Chi Chi Gonzalez","COL","1","2","0","0","6.02","4","12","28.0","34","19","5","20","11","1.60","6.48","3.62","5.52","0.0","14663"
"DJ Johnson","CLE","1","1","0","0","3.83","0","12","12.0","10","5","1","13","5","1.30","10.09","3.83","3.89","0.0","12578"
"Brusdar Graterol","LAD","1","0","0","0","3.42","0","7","7.0","6","3","1","7","2","1.26","8.68","3.02","3.50","0.0","20367"
"Tommy Nance","CHC","1","1","0","0","3.94","0","15","15.0","14","7","2","16","7","1.36","9.54","4.06","3.97","0.0","19178"
"Tanner Roark","ATL","0","0","0","0","4.84","1","4","7.0","7","4","1","6","2","1.38","8.14","2.94","4.71","0.0","8753"
"Julio Teheran","DET","0","1","0","0","5.38","2","2","11.0","11","6","2","9","5","1.47","7.54","4.17","5.52","0.0","6797"
"Evan Marshall","CHW","1","0","0","0","3.97","0","10","10.0","9","4","1","10","4","1.33","8.66","3.36","4.06","0.0","12297"
"Justin Wilson","NYY","1","1","0","3","4.41","0","20","20.0","18","10","3","22","10","1.43","10.12","4.72","4.47","0.0","4301"
"Collin Wiles","TEX","0","0","0","0","4.95","1","1","4.0","4","2","1","3","1","1.42","7.06","3.07","4.91","0.0","sa657869"
"J.P. Feyereisen","TBR","2","2","6","4","4.25","0","29","29.0","25","14","4","32","16","1.42","9.88","5.12","4.43","0.0","16610"
"Carlos Hernandez","KCR","1","1","0","0","4.75","1","8","11.0","10","6","1","10","5","1.50","8.38","4.66","4.68","0.0","22713"
"Benjamin Leeper","CHC","0","0","0","0","3.89","0","9","9.0","8","4","1","11","4","1.30","10.65","3.99","3.90","0.0","sa3014907"
"Ljay Newsome","SEA","0","0","0","0","4.99","1","1","4.0","4","2","1","3","1","1.30","7.38","1.95","5.10","0.0","19942"
"Nick Anderson","TBR","0","0","0","0","3.33","0","4","4.0","3","2","1","6","1","1.11","11.66","3.00","3.38","0.0","18337"
"Zack Littell","SFG","1","1","1","6","4.05","0","27","27.0","26","12","3","26","11","1.37","8.61","3.68","4.07","0.0","15823"
"Wil Crowe","PIT","1","2","0","0","5.31","4","8","20.0","22","12","3","17","9","1.53","7.56","4.06","5.20","0.0","19800"
"Reyes Moronta","SFG","1","1","0","0","4.01","0","14","14.0","11","6","2","16","7","1.39","10.39","4.89","4.11","0.0","14966"
"Adam Cimber","TOR","1","2","0","7","4.72","0","29","29.0","32","15","3","20","9","1.46","6.37","2.95","4.44","0.0","15288"
"Blake Parker","CLE","1","1","0","3","4.27","0","20","20.0","19","10","3","22","8","1.30","9.72","3.41","4.22","0.0","5224"
"Harrison Holmes","OAK","0","0","0","0","4.76","1","2","7.0","7","3","1","5","3","1.45","7.14","3.87","4.95","0.0","sa828669"
"Oliver Drake","TBR","0","0","0","0","3.80","0","7","7.0","6","3","1","7","3","1.31","9.15","3.66","4.02","0.0","8823"
"Danny Coulombe","MIN","1","1","0","0","4.21","0","18","18.0","17","8","3","19","7","1.33","9.52","3.56","4.28","0.0","13293"
"Luis Garcia","STL","1","1","0","0","4.01","0","12","12.0","11","5","1","11","5","1.35","8.48","3.86","4.11","0.0","6984"
"Steven Okert","MIA","0","0","0","0","3.87","0","9","9.0","8","4","1","10","3","1.23","9.68","3.21","4.10","0.0","13580"
"Tony Santillan","CIN","0","0","0","0","5.10","1","2","6.0","6","3","1","6","3","1.49","8.85","4.47","5.15","0.0","19926"
"Miguel Sanchez","MIL","1","1","0","1","4.43","0","19","19.0","18","9","3","20","8","1.37","9.62","3.90","4.36","0.0","20074"
"Cesar Valdez","BAL","1","1","0","3","4.52","0","22","22.0","23","11","3","17","6","1.34","6.92","2.53","4.51","0.0","9013"
"Dillon Maples","CHC","1","1","0","0","3.96","0","13","13.0","10","6","1","19","10","1.49","12.60","6.68","4.07","0.0","14672"
"Robert Stephenson","COL","1","1","0","3","4.76","0","21","21.0","19","11","3","26","11","1.41","11.08","4.51","4.47","0.0","13594"
"Mike Fiers","OAK","0","1","0","0","5.14","1","1","8.0","8","4","1","5","2","1.39","6.34","2.78","5.39","0.0","7754"
"Tyler Clippard","ARI","1","1","0","0","4.48","0","15","15.0","14","8","2","16","6","1.31","9.38","3.31","4.42","0.0","5640"
"Adonis Medina","PHI","0","0","0","0","4.99","1","1","4.0","4","2","1","3","2","1.48","6.92","3.81","5.17","0.0","19903"
"Ryne Harper","WSN","0","0","0","0","4.23","0","8","8.0","8","4","1","8","2","1.30","8.52","2.73","4.12","0.0","12680"
"Adam Morgan","CHC","1","1","0","3","4.44","0","20","20.0","19","10","3","20","9","1.39","9.09","3.94","4.30","0.0","12580"
"Jimmy Lambert","CHW","0","1","0","0","4.86","1","6","9.0","9","5","1","8","4","1.43","8.63","3.92","4.90","0.0","19541"
"Scott Moss","CLE","0","0","0","0","4.69","1","5","8.0","7","4","1","7","4","1.45","8.82","4.43","4.88","0.0","sa738902"
"Touki Toussaint","ATL","0","0","0","0","3.73","0","5","5.0","5","2","1","7","3","1.34","10.90","4.48","3.81","0.0","16929"
"Andrew Wantz","LAA","1","1","0","0","4.81","1","9","13.0","13","7","2","12","6","1.41","8.29","3.90","5.03","0.0","24933"
"Austin Pruitt","HOU","1","1","0","0","4.06","0","12","12.0","12","5","2","10","3","1.29","7.55","2.52","4.18","0.0","15290"
"Daniel Ponce de Leon","STL","1","2","0","2","4.52","1","20","24.0","22","12","4","26","13","1.41","9.55","4.65","4.69","0.0","16110"
"Jay Jackson","SFG","0","0","0","0","3.61","0","4","4.0","3","1","0","4","2","1.28","10.45","3.80","3.56","0.0","7432"
"Nabil Crismatt","SDP","1","1","0","2","4.22","0","17","17.0","17","8","2","16","6","1.31","8.40","2.97","4.26","0.0","17732"
"Hunter Strickland","MIL","1","1","0","5","4.60","0","25","25.0","25","13","4","24","11","1.42","8.67","3.81","4.52","0.0","7836"
"Nick Mears","PIT","1","1","0","0","4.02","0","11","11.0","9","5","1","12","5","1.38","10.16","4.51","4.07","0.0","25376"
"Robert Dugger","SEA","1","1","0","0","4.98","1","8","13.0","13","7","2","11","5","1.41","7.56","3.45","5.06","0.0","19191"
"Julian Merryweather","TOR","1","1","0","0","4.34","0","12","12.0","11","6","2","12","4","1.34","9.36","3.40","4.23","0.0","16703"
"Matt Andriese","BOS","1","1","0","2","4.58","0","21","21.0","21","11","3","21","7","1.35","8.89","3.01","4.33","0.0","12022"
"Michael Feliz","CIN","0","1","0","0","4.53","0","11","11.0","9","5","2","13","5","1.34","10.62","4.08","4.57","0.0","11903"
"Jesse Chavez","ATL","0","0","0","0","4.12","0","8","8.0","8","4","1","8","2","1.27","9.16","2.60","4.04","0.0","5448"
"Jimmie Sherfy","LAD","0","0","0","0","4.12","0","5","5.0","5","2","1","6","2","1.32","10.16","3.83","4.14","0.0","15118"
"Trevor Megill","CHC","1","1","0","0","4.13","0","12","12.0","11","5","1","12","5","1.38","9.64","4.19","4.15","0.0","17722"
"Chris Rodriguez","LAA","0","0","0","0","3.86","0","6","6.0","6","3","1","7","3","1.36","9.59","4.22","4.09","0.0","22310"
"Tayler Saucedo","TOR","1","1","0","2","3.92","0","19","19.0","19","8","2","17","7","1.36","7.89","3.29","4.10","0.0","17888"
"James Hoyt","LAA","0","0","0","0","4.31","0","11","11.0","10","5","1","11","5","1.41","9.31","4.29","4.46","0.0","14605"
"Edgar Santana","ATL","0","0","0","0","4.33","0","11","11.0","11","5","2","10","4","1.32","8.01","3.02","4.43","0.0","17355"
"Thomas Eshelman","BAL","1","2","0","0","5.84","5","5","28.0","34","18","6","17","9","1.51","5.33","2.82","5.85","0.0","18361"
"Darren O'Day","NYY","0","0","0","0","4.22","0","9","9.0","9","4","2","11","4","1.27","10.13","3.37","4.45","0.0","3321"
"Dillon Peters","LAA","0","0","0","0","4.06","0","5","5.0","4","2","1","4","1","1.29","8.28","2.86","4.37","0.0","18790"
"Jordan Hicks","STL","0","0","0","0","3.57","0","3","3.0","2","1","0","3","1","1.36","10.42","4.74","3.68","0.0","19618"
"Drew Smith","NYM","1","1","0","3","4.33","0","19","19.0","18","9","3","19","8","1.37","8.84","3.89","4.48","0.0","17755"
"Kevin Ginkel","ARI","1","1","0","0","4.41","0","14","14.0","13","7","2","17","7","1.37","10.97","4.33","4.28","0.0","19876"
"Dennis Santana","TEX","1","2","0","1","5.18","1","19","24.0","25","14","3","25","12","1.58","9.43","4.76","4.71","0.0","17878"
"Alex Vesia","LAD","1","1","0","0","4.24","0","11","11.0","10","5","2","14","6","1.37","10.99","4.66","4.39","0.0","25007"
"Nick Nelson","NYY","1","1","0","0","4.36","0","14","14.0","12","7","2","16","8","1.49","10.33","5.45","4.42","0.0","20153"
"Antonio Santos","COL","0","1","0","0","5.55","1","7","10.0","11","6","2","7","3","1.50","6.95","2.89","5.12","0.0","20383"
"Sam Hentges","CLE","1","2","0","0","5.38","6","12","33.0","34","20","6","29","18","1.58","7.82","4.84","5.39","0.0","18548"
"Damon Jones","PHI","0","0","0","0","3.82","0","4","4.0","3","2","0","4","2","1.44","9.99","5.15","4.21","0.0","sa3004862"
"Cody Stashak","MIN","0","0","0","0","4.48","0","5","5.0","5","3","1","6","2","1.30","9.68","3.09","4.41","0.0","18088"
"Joseph Palumbo","TEX","0","0","0","0","3.95","0","9","9.0","8","4","1","10","4","1.34","10.59","4.27","4.13","0.0","17035"
"Scott Oberg","COL","0","0","0","0","4.35","0","2","2.0","2","1","0","2","1","1.40","8.92","3.37","4.01","0.0","13911"
"Ryan Brasier","BOS","0","0","0","0","4.21","0","5","5.0","5","2","1","6","2","1.31","9.52","3.43","4.16","0.0","5615"
"Tommy Hunter","NYM","0","0","0","0","3.71","0","2","2.0","2","1","0","2","1","1.23","8.11","2.54","3.79","0.0","1157"
"Duane Underwood Jr.","PIT","1","1","0","0","4.38","0","12","12.0","12","6","2","12","5","1.39","8.70","3.64","4.26","0.0","14677"
"Tommy Kahnle","LAD","0","0","0","0","3.08","0","1","1.0","1","0","0","2","0","1.15","11.85","3.31","3.09","0.0","11384"
"Domingo Acevedo","OAK","0","0","0","0","4.38","0","10","10.0","9","5","1","9","3","1.32","8.48","3.17","4.44","0.0","17092"
"Wyatt Mills","SEA","0","0","0","0","4.05","0","4","4.0","3","2","0","3","1","1.35","8.89","3.74","4.09","0.0","20010"
"Jhoan Duran","MIN","0","0","0","0","3.80","0","2","2.0","2","1","0","2","1","1.36","9.65","4.14","3.90","0.0","sa873347"
"Conner Menez","SFG","1","1","0","0","4.28","0","11","11.0","10","5","1","12","5","1.39","9.73","4.25","4.32","0.0","19199"
"Brendan McKay","TBR","0","0","0","0","3.13","0","1","1.0","1","0","0","2","0","1.11","11.34","2.93","3.25","0.0","20186"
"Chase Anderson","PHI","1","1","0","0","4.88","1","17","22.0","22","12","4","20","8","1.35","8.30","3.15","5.12","0.0","6895"
"James Norwood","SDP","0","0","0","0","4.65","0","5","5.0","5","3","1","6","3","1.52","10.65","5.46","4.41","0.0","16440"
"Ross Detwiler","MIA","1","1","0","4","4.30","0","25","25.0","25","12","3","22","9","1.35","7.98","3.12","4.34","0.0","2859"
"Ryan Borucki","TOR","1","1","2","0","4.20","0","15","15.0","14","7","2","15","6","1.35","9.02","3.65","4.15","0.0","16350"
"Sam Selman","SFG","0","0","0","0","4.17","0","5","5.0","5","3","1","6","3","1.38","10.75","4.91","4.19","0.0","13397"
"Cionel Perez","CIN","0","0","0","0","4.57","0","8","8.0","7","4","1","9","4","1.49","9.73","5.01","4.66","0.0","19614"
"Taylor Clarke","ARI","1","1","0","0","4.47","0","13","13.0","13","6","2","12","5","1.35","8.47","3.19","4.37","0.0","17611"
"Jose Quijada","LAA","1","1","0","0","4.39","0","11","11.0","9","5","2","13","6","1.45","10.66","5.39","4.59","0.0","19200"
"Brock Burke","TEX","0","0","0","0","3.84","0","2","2.0","2","1","0","2","1","1.31","9.42","3.49","4.01","0.0","17968"
"Adam Kolarek","OAK","1","1","0","0","4.05","0","13","13.0","13","6","1","9","5","1.40","6.07","3.26","4.24","0.0","10843"
"Anthony Swarzak","KCR","1","2","0","4","4.85","0","24","24.0","25","13","4","23","9","1.43","8.42","3.51","4.60","0.0","7466"
"Jandel Gustave","MIL","0","0","0","0","4.03","0","9","9.0","8","4","1","8","4","1.34","8.50","3.97","4.26","0.0","14665"
"Dauri Moreta","CIN","0","0","0","0","4.36","0","4","4.0","4","2","1","5","2","1.34","9.79","3.82","4.46","0.0","sa877619"
"Jonathan Stiever","CHW","1","1","0","0","5.51","1","6","11.0","12","7","3","9","3","1.38","7.77","2.71","5.46","0.0","24584"
"Josh Osich","CIN","1","1","0","1","4.57","0","18","18.0","18","9","3","18","7","1.36","8.86","3.36","4.48","0.0","11528"
"Geoff Hartlieb","NYM","0","0","0","0","4.04","0","4","4.0","3","2","0","4","2","1.46","9.04","4.87","4.14","0.0","19558"
"Felix Pena","LAA","0","0","0","0","4.36","0","5","5.0","4","2","1","5","2","1.33","9.15","3.30","4.41","0.0","13403"
"Grant Dayton","ATL","0","0","0","0","4.40","0","5","5.0","4","2","1","5","2","1.32","10.32","3.47","4.31","0.0","11203"
"Peter Solomon","HOU","0","0","0","0","4.11","0","2","2.0","2","1","0","2","1","1.35","9.19","4.08","4.38","0.0","20476"
"Clarke Schmidt","NYY","0","0","0","0","4.17","0","1","1.0","1","1","0","1","1","1.36","9.03","3.76","4.32","0.0","19899"
"Taylor Williams","SDP","0","0","0","0","4.09","0","3","3.0","3","2","0","4","2","1.40","9.31","4.27","4.18","0.0","14899"
"Preston Guilmet","MIA","0","0","0","0","3.80","0","1","1.0","1","1","0","1","0","1.23","9.59","3.04","3.90","0.0","7303"
"Steven Fuentes","WSN","0","0","0","0","4.14","0","1","1.0","1","1","0","1","1","1.40","8.49","3.86","4.22","0.0","sa828326"
"Alex McRae","CHW","0","0","0","0","4.45","0","2","2.0","2","1","0","2","1","1.43","8.08","3.99","4.65","0.0","16317"
"Steven Wright","PIT","0","0","0","0","4.21","0","4","4.0","4","2","1","4","2","1.40","8.55","3.80","4.32","0.0","8185"
"Tyler Phillips","TEX","0","0","0","0","4.23","0","4","4.0","4","2","0","3","1","1.35","7.83","3.11","4.32","0.0","sa875646"
"Derek Law","MIN","1","1","0","2","4.45","0","20","20.0","20","10","3","20","10","1.46","8.74","4.29","4.42","0.0","13133"
"Blake Weiman","PIT","0","0","0","0","4.10","0","2","2.0","2","1","0","2","1","1.35","8.24","3.39","4.27","0.0","sa3004211"
"Eduard Bazardo","BOS","0","0","0","0","4.66","0","3","3.0","3","1","0","2","1","1.38","8.23","3.13","4.59","0.0","20997"
"Jonathan Holder","CHC","0","0","0","0","4.37","0","1","1.0","1","1","0","1","0","1.35","8.27","3.21","4.35","0.0","16588"
"Nolan Blackwood","DET","0","0","0","0","4.28","0","1","1.0","1","1","0","1","1","1.49","6.81","4.15","4.48","0.0","sa874212"
"Cristopher Sanchez","PHI","0","0","0","0","4.32","0","1","1.0","1","1","0","1","1","1.46","8.57","4.39","4.37","0.0","20778"
"Ian McKinney","SEA","0","0","0","0","4.03","0","1","1.0","1","1","0","1","1","1.35","9.40","4.15","4.40","0.0","sa738318"
"Ben Bowden","COL","1","1","0","0","5.16","0","12","12.0","12","7","2","14","7","1.55","10.61","5.27","4.93","0.0","20198"
"Jasseel De La Cruz","ATL","0","0","0","0","4.33","0","1","1.0","1","1","0","1","1","1.43","8.99","4.26","4.35","0.0","sa879559"
"Aaron Fletcher","SEA","0","0","0","0","4.34","0","4","4.0","3","2","0","3","2","1.42","8.22","3.97","4.55","0.0","22052"
"Ryan Hendrix","CIN","1","1","0","0","4.50","0","15","15.0","14","8","2","18","9","1.46","10.72","5.10","4.50","0.0","19535"
"Michael Baumann","BAL","0","1","0","0","5.60","1","1","8.0","9","5","2","6","4","1.59","6.63","4.75","5.84","0.0","sa829681"
"Jon Duplantier","ARI","0","0","0","0","4.56","0","4","4.0","4","2","1","4","2","1.47","9.18","4.58","4.56","0.0","19546"
"Yacksel Rios","BOS","0","0","0","0","4.69","0","4","4.0","3","2","0","3","2","1.47","8.68","4.45","4.68","0.0","15007"
"Casey Sadler","SEA","0","0","0","0","4.25","0","5","5.0","5","2","1","5","2","1.34","8.24","3.41","4.50","0.0","11209"
"Robert Gsellman","NYM","0","0","0","0","4.29","0","1","1.0","1","1","0","1","0","1.37","7.46","3.21","4.36","0.0","13696"
"Cody Ponce","PIT","0","0","0","0","4.55","0","5","5.0","5","3","1","5","2","1.39","8.09","3.31","4.55","0.0","17920"
"Seth Frankoff","ARI","0","0","0","0","4.74","0","1","1.0","1","1","0","1","1","1.44","7.85","3.73","4.64","0.0","11346"
"Angel Rondon","STL","0","0","0","0","4.63","0","1","1.0","1","1","0","1","1","1.41","7.91","3.68","4.75","0.0","22036"
"Joseph Wentz","DET","0","0","0","0","5.38","1","1","4.0","4","2","1","3","2","1.54","6.99","4.48","5.61","0.0","sa917946"
"Ian Krol","DET","1","1","0","0","4.52","0","11","11.0","10","5","1","10","5","1.44","8.77","4.31","4.55","0.0","10066"
"Dereck Rodriguez","COL","0","0","0","0","5.41","0","3","3.0","3","2","0","2","1","1.47","7.68","2.99","5.02","0.0","14509"
"A.J. Cole","TOR","0","0","0","0","4.77","0","1","1.0","1","1","0","1","1","1.39","9.01","3.53","4.70","0.0","11467"
"Vinny Nittoli","SEA","0","1","0","0","4.37","0","8","8.0","8","4","1","7","3","1.34","8.52","3.21","4.42","0.0","16754"
"Kodi Whitley","STL","0","0","0","0","4.45","0","4","4.0","3","2","0","3","2","1.42","8.43","4.14","4.54","0.0","19731"
"Kevin McCarthy","BOS","0","0","0","0","4.63","0","2","2.0","2","1","0","1","1","1.47","5.92","3.03","4.55","0.0","15240"
"Devin Smeltzer","MIN","0","0","0","0","4.71","0","4","4.0","4","2","1","3","1","1.35","7.56","2.58","4.69","0.0","19487"
"Johan Quezada","STL","0","0","0","0","4.22","0","2","2.0","2","1","0","2","1","1.46","8.40","4.66","4.48","0.0","20643"
"Joel Payamps","TOR","0","0","0","0","4.59","0","3","3.0","3","1","0","2","1","1.35","7.86","2.95","4.63","0.0","14332"
"John Axford","TOR","0","0","0","0","4.31","0","4","4.0","4","2","0","4","2","1.44","8.58","4.25","4.38","0.0","9059"
"Scott Blewett","KCR","0","0","0","0","4.92","0","1","1.0","1","1","0","1","1","1.46","6.89","3.74","5.00","0.0","16427"
"Nick Snyder","TEX","0","0","0","0","4.38","0","7","7.0","7","3","1","7","3","1.39","8.83","3.83","4.47","0.0","sa3005100"
"Enyel De Los Santos","PHI","1","1","0","0","4.55","0","11","11.0","11","6","2","12","5","1.34","9.59","3.57","4.54","0.0","18403"
"Ryan Hartman","HOU","0","0","0","0","4.79","0","1","1.0","1","1","0","1","0","1.35","8.52","3.06","4.87","0.0","19480"
"Richard Lovelady","KCR","1","1","0","0","4.47","0","16","16.0","16","8","2","14","7","1.43","7.75","3.78","4.43","0.0","19337"
"Kyle Ryan","CHC","0","0","0","0","4.60","0","4","4.0","4","2","1","4","2","1.47","8.16","4.25","4.59","0.0","11753"
"Edwin Uceta","LAD","0","0","0","0","4.66","0","3","3.0","3","1","0","3","1","1.42","9.27","4.08","4.77","0.0","20539"
"Daniel Camarena","SDP","1","1","0","0","4.62","0","14","14.0","14","7","2","11","4","1.36","7.41","2.89","4.64","0.0","14467"
"Jaime Barria","LAA","0","0","0","0","4.98","0","2","2.0","2","1","0","2","1","1.33","7.77","2.53","5.01","0.0","18356"
"Tommy Doyle","COL","0","0","0","0","5.10","0","5","5.0","5","3","1","4","2","1.54","8.05","4.08","4.77","0.0","21281"
"Nick Allgeyer","TOR","0","0","0","0","4.60","0","1","1.0","1","1","0","1","1","1.41","8.21","3.84","4.84","0.0","24486"
"Alexander Vizcaino","NYY","0","0","0","0","5.16","0","1","1.0","1","1","0","1","1","1.60","7.52","5.10","5.38","0.0","sa920272"
"Nick Ramirez","SDP","0","0","0","0","4.33","0","6","6.0","6","3","1","5","3","1.42","7.92","3.91","4.45","0.0","12575"
"Jordan Sheffield","COL","0","0","0","0","6.16","0","1","1.0","1","1","0","1","1","1.78","9.46","6.57","5.80","0.0","19682"
"Nivaldo Rodriguez","HOU","0","0","0","0","4.91","0","1","1.0","1","1","0","1","1","1.48","7.70","4.22","5.13","0.0","22449"
"Seth Elledge","STL","0","0","0","0","4.28","0","6","6.0","6","3","1","6","3","1.45","9.40","4.77","4.50","0.0","19766"
"Thomas Hatch","TOR","0","0","0","0","4.46","0","5","5.0","4","2","1","4","2","1.36","8.51","3.59","4.62","0.0","19264"
"Aaron Barrett","WSN","0","0","0","0","4.59","0","5","5.0","5","3","1","4","2","1.47","8.16","4.15","4.64","0.0","11243"
"Jerad Eickhoff","NYM","0","0","0","0","4.81","0","3","3.0","3","1","1","3","1","1.36","8.23","3.02","4.86","0.0","12664"
"Jay Flaa","ATL","0","0","0","0","5.01","0","2","2.0","2","1","0","2","1","1.51","8.54","4.66","5.07","0.0","18140"
"Brooks Kriske","NYY","0","0","0","0","4.81","0","4","4.0","3","2","1","4","2","1.52","10.39","5.57","4.94","0.0","21189"
"Luke Farrell","MIN","1","1","0","3","4.61","0","21","21.0","19","11","3","23","10","1.40","9.85","4.30","4.54","0.0","15101"
"Kyle Lobstein","MIL","0","0","0","0","4.92","0","6","6.0","7","3","1","6","3","1.54","8.44","4.19","4.50","0.0","9178"
"Pedro Baez","HOU","0","0","0","0","4.59","0","4","4.0","3","2","1","3","2","1.37","8.40","3.86","4.87","0.0","5420"
"Brandon Workman","BOS","1","1","0","3","4.72","0","23","23.0","22","12","3","26","13","1.51","10.20","5.04","4.43","0.0","11428"
"Louis Head","TBR","0","0","0","0","4.32","0","4","4.0","3","2","1","3","2","1.36","8.75","3.86","4.51","0.0","13259"
"Sam Clay","WSN","1","1","0","4","4.37","0","23","23.0","23","11","2","19","12","1.56","7.58","4.94","4.47","0.0","16279"
"Chasen Shreve","PIT","1","1","0","3","4.43","0","21","21.0","19","10","3","23","11","1.42","9.85","4.53","4.40","0.0","10855"
"Joey Gerber","SEA","0","0","0","0","4.55","0","3","3.0","2","1","0","2","1","1.43","8.52","4.33","4.81","0.0","24591"
"Andrew Miller","STL","2","2","0","5","4.12","0","27","27.0","24","12","3","27","12","1.36","9.16","4.04","4.30","0.0","6785"
"Hunter Harvey","BAL","1","1","0","0","4.78","0","18","18.0","18","10","3","17","7","1.39","8.27","3.43","4.78","0.0","15507"
"Yoan Lopez","ATL","0","0","0","0","4.57","0","7","7.0","7","4","1","7","3","1.41","8.61","3.85","4.52","0.0","17181"
"Jake Reed","LAD","0","0","0","0","4.41","0","4","4.0","4","2","1","4","2","1.37","8.98","4.07","4.59","0.0","16209"
"Javy Guerra","WSN","0","0","0","0","4.98","0","3","3.0","3","1","0","2","1","1.44","7.53","3.39","4.94","0.0","7407"
"Kyle Zimmer","KCR","1","2","1","6","4.45","0","29","29.0","27","14","3","29","16","1.50","9.04","5.14","4.40","0.0","14169"
"Jordan Holloway","MIA","1","1","0","0","4.51","0","11","11.0","10","5","1","11","7","1.55","8.80","5.62","4.62","0.0","20631"
"Ty Tice","ATL","0","0","0","0","4.53","0","3","3.0","3","1","0","3","1","1.49","8.33","4.98","4.79","0.0","20177"
"Sam Moll","OAK","1","1","0","0","4.07","0","15","15.0","14","7","2","15","7","1.41","8.66","4.37","4.41","0.0","14874"
"Yohan Ramirez","SEA","0","1","0","0","4.61","0","11","11.0","9","6","1","13","8","1.55","10.45","6.36","4.83","0.0","19444"
"Shaun Anderson","BAL","1","1","0","0","5.04","0","16","16.0","17","9","3","14","6","1.44","7.74","3.55","5.07","0.0","19453"
"Brett De Geus","ARI","1","1","0","4","4.20","0","24","24.0","23","11","3","21","10","1.41","7.86","3.89","4.36","0.0","23592"
"Justin Miller","STL","0","0","0","0","4.22","0","5","5.0","4","2","1","5","2","1.21","9.57","2.80","4.59","0.0","8580"
"Chris Mazza","TBR","0","0","0","0","4.45","0","6","6.0","6","3","1","5","2","1.38","7.35","3.24","4.51","0.0","14151"
"Wandisson Charles","OAK","0","0","0","0","4.49","0","3","3.0","3","2","0","4","2","1.53","9.78","6.00","4.84","0.0","sa874818"
"Ashton Goudeau","CIN","0","0","0","0","4.87","0","3","3.0","3","1","0","2","1","1.41","7.47","3.47","5.09","0.0","15139"
"Tyler Zuber","KCR","1","1","0","0","4.80","0","12","12.0","11","6","2","12","7","1.50","9.15","5.07","4.79","0.0","20379"
"Domingo Tapia","KCR","0","0","0","0","4.79","0","3","3.0","3","1","0","2","1","1.52","7.10","4.39","4.95","0.0","12178"
"Wandy Peralta","NYY","1","1","0","2","4.66","0","18","18.0","18","9","2","15","8","1.45","7.57","3.87","4.65","0.0","14295"
"Keynan Middleton","SEA","1","1","1","3","4.52","0","20","20.0","19","10","3","20","10","1.42","9.13","4.44","4.56","0.0","15264"
"Roel Ramirez","STL","0","0","0","0","4.62","0","4","4.0","4","2","1","3","2","1.47","8.23","4.32","4.81","0.0","16470"
"Angel Perdomo","MIL","0","1","0","0","4.46","0","11","11.0","9","6","1","15","8","1.51","11.65","6.24","4.57","0.0","17759"
"Tanner Rainey","WSN","1","1","0","2","4.57","0","17","17.0","14","9","2","24","12","1.50","12.50","6.36","4.58","0.0","17610"
"Phillips Valdez","BOS","0","0","0","0","4.80","0","9","9.0","9","5","1","8","4","1.53","7.86","4.19","4.66","0.0","15605"
"Ralph Garza","HOU","0","0","0","0","4.72","0","7","7.0","7","4","1","7","4","1.47","8.93","4.59","4.76","0.0","17682"
"Kyle Barraclough","MIN","0","0","0","0","4.64","0","9","9.0","9","5","1","10","5","1.50","9.42","5.20","4.76","0.0","13713"
"Matt Bush","TEX","0","0","0","0","4.80","0","5","5.0","5","3","1","5","2","1.39","9.10","3.54","4.85","0.0","1246"
"Patrick Weigel","MIL","0","0","0","0","5.00","0","3","3.0","3","2","1","4","2","1.54","9.25","5.34","5.20","0.0","17792"
"Ervin Santana","KCR","1","1","0","0","5.16","1","16","20.0","22","12","4","15","7","1.40","6.82","2.94","5.01","0.0","3200"
"Enoli Paredes","HOU","1","1","0","0","4.47","0","10","10.0","8","5","1","11","6","1.49","10.66","5.89","4.70","0.0","20447"
"Ryan Sherriff","TBR","1","1","0","0","4.26","0","13","13.0","13","6","2","10","5","1.38","7.05","3.39","4.47","0.0","12249"
"Kyle Nelson","CLE","1","1","0","0","4.57","0","9","9.0","9","5","2","10","4","1.38","9.62","4.01","4.73","0.0","20515"
"Alex Lange","DET","0","0","0","0","5.22","0","5","5.0","6","3","1","4","3","1.58","7.61","4.81","5.21","0.0","19883"
"Spencer Patton","TEX","1","1","1","4","4.32","0","26","26.0","24","12","4","27","11","1.36","9.39","3.69","4.33","0.0","12361"
"Brandon Bielak","HOU","1","1","0","0","4.78","1","11","13.0","14","7","2","12","6","1.44","8.02","3.76","4.92","0.0","19866"
"Patrick Murphy","TOR","0","1","0","0","4.57","0","10","10.0","10","5","1","8","4","1.44","7.53","3.81","4.50","0.0","19712"
"David Hess","MIA","1","1","0","0","4.69","0","13","13.0","13","7","2","11","4","1.36","8.20","3.09","4.53","0.0","16130"
"Wade Davis","KCR","0","0","0","0","5.27","0","6","6.0","6","4","1","6","3","1.51","8.69","4.68","5.06","0.0","7441"
"Jose Mujica","COL","0","1","0","0","5.32","0","11","11.0","13","6","2","9","4","1.47","7.33","2.93","4.96","0.0","17821"
"Nick Tropeano","NYM","1","1","0","0","4.84","0","11","11.0","11","6","2","11","4","1.43","9.00","3.60","4.82","0.0","12385"
"Junior Fernandez","STL","1","1","0","4","4.35","0","23","23.0","21","11","2","22","13","1.48","8.58","5.06","4.45","0.0","18496"
"Derek Holland","DET","1","1","3","0","4.93","0","18","18.0","17","10","3","18","8","1.43","9.29","4.16","4.88","0.0","4141"
"Jason Foley","DET","0","0","0","0","5.14","0","6","6.0","6","3","1","4","3","1.54","6.49","4.05","5.18","0.0","19531"
"Miguel Del Pozo","DET","0","1","0","0","4.93","0","9","9.0","9","5","1","9","5","1.53","8.52","4.95","4.96","0.0","18792"
"Bryan Abreu","HOU","1","1","0","1","4.36","0","16","16.0","14","8","2","18","10","1.49","10.15","5.55","4.60","0.0","16609"
"Eric Yardley","MIL","1","1","0","0","4.50","0","15","15.0","16","8","2","10","6","1.46","5.96","3.35","4.63","0.0","15538"
"Demarcus Evans","TEX","1","1","0","0","4.60","0","15","15.0","13","8","2","18","10","1.51","10.95","5.92","4.64","0.0","21087"
"Camilo Doval","SFG","0","0","0","0","4.82","0","6","6.0","5","3","1","6","4","1.59","9.76","6.13","4.89","0.0","21992"
"Albert Abreu","NYY","0","0","0","0","5.34","0","5","5.0","5","3","1","4","3","1.62","8.82","5.50","5.48","0.0","17485"
"Josh Tomlin","ATL","1","1","0","3","4.88","0","21","21.0","23","11","4","17","3","1.28","7.28","1.40","4.65","0.0","9388"
"Alex Young","ARI","1","1","0","2","4.68","0","20","20.0","20","10","3","19","7","1.39","8.53","3.39","4.56","0.0","18333"
"Brandon Kintzler","PHI","1","2","0","4","4.50","0","26","26.0","27","13","4","20","8","1.36","7.07","2.78","4.56","0.0","9939"
"Shelby Miller","PIT","0","0","0","0","4.99","0","8","8.0","8","4","1","7","4","1.54","8.38","4.72","4.88","0.0","10197"
"Lucas Gilbreath","COL","1","1","0","0","5.06","0","16","16.0","17","9","3","15","8","1.54","8.29","4.41","4.97","0.0","21290"
"Erasmo Ramirez","DET","1","1","0","0","5.06","0","14","14.0","15","8","3","10","4","1.38","6.50","2.62","5.06","0.0","10314"
"Anthony Gose","CLE","0","0","0","0","8.88","0","1","1.0","1","1","0","1","2","2.56","9.28","13.32","9.31","0.0","5097"
"Trevor Stephan","CLE","1","1","0","0","5.00","0","15","15.0","15","8","3","16","7","1.43","9.46","3.98","4.90","0.0","19932"
"Brent Honeywell","TBR","1","1","0","0","4.74","0","10","10.0","10","5","1","9","4","1.45","8.10","3.69","4.70","0.0","16466"
"Will Vest","SEA","1","1","0","0","4.59","0","14","14.0","14","7","2","12","6","1.47","7.50","4.16","4.75","0.0","19769"
"Burch Smith","OAK","1","1","0","3","4.52","0","21","21.0","20","10","3","21","9","1.41","9.01","4.08","4.64","0.0","12784"
"T.J. Zeuch","TOR","0","0","0","0","5.59","1","1","4.0","5","3","1","3","2","1.55","5.52","3.51","5.47","0.0","19269"
"Tyler Chatwood","TOR","1","1","0","3","4.39","0","21","21.0","19","10","2","22","13","1.51","9.49","5.40","4.41","0.0","4338"
"Anthony Castro","TOR","1","1","0","0","4.76","0","16","16.0","15","8","2","15","9","1.51","8.84","4.90","4.78","0.0","19789"
"Yennsy Diaz","NYM","0","0","0","0","4.98","0","6","6.0","6","4","1","5","3","1.48","7.68","4.36","5.18","0.0","20218"
"J. D. Hammer","PHI","1","1","0","0","4.75","0","17","17.0","16","9","3","19","9","1.45","9.83","4.77","4.82","0.0","19548"
"Buck Farmer","DET","1","1","0","4","4.68","0","24","24.0","24","12","4","22","10","1.43","8.45","3.89","4.75","0.0","14814"
"Zack Burdi","CHW","0","1","0","0","5.32","0","8","8.0","8","5","2","8","4","1.54","9.14","4.96","5.50","0.0","19159"
"Trevor Richards","TOR","1","1","0","4","4.80","0","23","23.0","24","12","4","25","8","1.39","9.68","3.26","4.42","0.0","19309"
"Hector Santiago","SEA","1","1","0","0","4.54","0","14","14.0","13","7","2","15","7","1.38","9.28","4.28","4.86","0.0","4026"
"Marcos Diplan","BAL","1","1","0","0","4.99","0","14","14.0","14","8","2","14","8","1.54","8.54","5.22","5.24","0.0","sa828590"
"Austin Brice","BOS","1","1","0","0","4.83","0","18","18.0","17","9","3","17","8","1.42","8.89","3.93","4.78","0.0","17237"
"Jacob Barnes","TOR","1","1","0","5","4.49","0","26","26.0","25","13","4","27","11","1.38","9.35","3.69","4.39","0.0","12323"
"Garrett Cleavinger","LAD","1","1","0","2","4.35","0","19","19.0","17","9","2","23","12","1.50","10.66","5.76","4.49","0.0","17897"
"Bryan Garcia","DET","0","1","0","0","5.28","0","13","13.0","14","8","2","11","7","1.55","7.83","4.65","5.32","0.0","19457"
"Zach Pop","MIA","1","1","0","2","4.20","0","23","23.0","21","11","3","22","10","1.41","8.74","4.15","4.36","0.0","20185"
"Jorge Guzman","MIA","1","1","0","0","4.83","1","10","14.0","13","7","2","13","8","1.53","8.62","5.32","5.09","0.0","17505"
"Andres Machado","WSN","0","1","0","0","5.26","0","10","10.0","11","6","2","9","5","1.51","7.86","3.99","5.20","0.0","14681"
"Alex Wells","BAL","0","1","0","0","5.80","1","9","12.0","14","7","3","7","4","1.51","5.76","3.04","5.93","0.0","19845"
"Nick Neidert","MIA","1","2","0","0","5.13","4","10","23.0","24","13","4","18","10","1.51","7.11","4.08","5.17","0.0","18699"
"Jacob Webb","ATL","1","1","0","2","4.53","0","18","18.0","17","9","3","18","9","1.44","9.17","4.44","4.60","0.0","19274"
"Spenser Watkins","BAL","1","2","0","0","5.40","3","18","27.0","29","16","5","20","11","1.48","6.58","3.52","5.56","0.0","17489"
"Luis Oviedo","PIT","0","1","0","0","5.30","0","9","9.0","9","5","1","8","5","1.60","7.60","5.10","5.29","0.0","21728"
"Justin Garza","CLE","1","1","0","0","5.11","0","15","15.0","15","9","3","14","7","1.46","8.30","4.17","5.25","0.0","19784"
"Jake Woodford","STL","0","1","0","0","5.03","0","10","10.0","10","5","2","8","5","1.49","7.79","4.25","5.22","0.0","18674"
"Brandon Waddell","STL","1","1","0","0","4.58","0","17","17.0","16","9","2","14","9","1.47","7.62","4.70","5.05","0.0","18347"
"Brad Boxberger","MIL","2","2","0","5","4.32","0","27","27.0","23","13","4","33","15","1.42","10.98","5.02","4.50","0.0","10133"
"Riley Smith","ARI","1","1","0","5","4.78","1","26","28.0","31","15","4","21","8","1.40","6.77","2.68","4.64","0.0","19826"
"Matt Foster","CHW","1","1","0","2","4.68","0","18","18.0","18","9","3","17","8","1.39","8.51","3.75","4.91","0.0","19647"
"Bryan Shaw","CLE","1","2","0","6","4.61","0","27","27.0","26","14","3","27","14","1.49","9.15","4.86","4.49","0.0","8110"
"Andre Scrubb","HOU","1","1","0","0","5.13","0","13","13.0","12","7","2","13","9","1.64","9.08","6.26","5.31","0.0","20329"
"Jarlin Garcia","SFG","1","1","0","6","4.24","0","24","24.0","23","11","3","23","9","1.33","8.56","3.50","4.33","0.0","18282"
"Isaac Mattson","BAL","1","1","0","2","5.00","0","20","20.0","20","11","3","18","10","1.49","7.97","4.40","5.03","0.0","20385"
"Junior Guerra","LAA","1","1","0","3","4.76","0","24","24.0","24","13","4","22","13","1.49","8.29","4.73","4.99","0.0","5702"
"Joe Barlow","TEX","1","1","0","2","4.92","0","20","20.0","18","11","3","24","15","1.58","10.72","6.42","4.96","0.0","22296"
"Aaron Slegers","LAA","1","1","0","2","4.93","0","19","19.0","21","10","3","13","6","1.39","6.22","2.62","4.99","0.0","15231"
"Cameron Hill","CLE","1","1","0","2","4.80","0","19","19.0","19","10","3","18","9","1.46","8.46","4.14","4.85","-0.1","16840"
"Johan Oviedo","STL","3","5","0","0","5.18","12","12","59.0","60","34","8","49","35","1.62","7.50","5.36","5.29","-0.1","22487"
"Caleb Baragar","SFG","1","1","0","2","4.86","0","19","19.0","19","10","3","17","9","1.45","7.96","4.14","4.88","-0.1","19231"
"Taylor Hearn","TEX","1","1","0","4","4.84","0","24","24.0","23","13","4","28","13","1.45","10.35","4.76","4.76","-0.1","18325"
"Dan Winkler","CHC","1","1","0","6","4.43","0","26","26.0","23","13","3","28","14","1.46","9.85","5.03","4.61","-0.1","12237"
"Chase De Jong","PIT","1","2","0","0","5.74","4","4","19.0","21","12","4","15","8","1.54","6.98","3.78","5.58","-0.1","15036"
"Tony Watson","LAA","2","2","1","6","4.07","0","28","28.0","26","13","4","22","9","1.28","7.20","3.01","4.60","-0.1","3132"
"Wes Benjamin","TEX","1","2","0","0","5.57","2","16","25.0","28","15","5","19","11","1.55","7.05","3.89","5.48","-0.1","19243"
"Jorge Alcala","MIN","1","2","0","5","4.83","0","26","26.0","26","14","4","26","11","1.43","8.83","3.77","4.78","-0.1","19459"
"Greg Holland","KCR","2","2","4","5","4.60","0","30","30.0","28","15","4","32","16","1.46","9.50","4.73","4.62","-0.1","7196"
"Blake Taylor","HOU","2","2","0","6","4.49","0","28","28.0","26","14","3","26","16","1.52","8.62","5.22","4.68","-0.1","16418"
"Ryan Burr","CHW","2","2","0","7","4.55","0","28","28.0","26","14","4","28","17","1.53","9.03","5.32","4.70","-0.1","17536"
"Justin Lawrence","COL","1","2","1","4","5.41","0","25","25.0","25","15","3","24","18","1.76","8.65","6.72","5.05","-0.1","17639"
"Keegan Thompson","CHC","1","2","0","4","5.04","1","23","27.0","28","15","5","25","11","1.45","8.26","3.70","4.93","-0.1","19795"
"Kyle Crick","PIT","1","2","1","5","4.63","0","27","27.0","25","14","3","27","16","1.53","8.99","5.47","4.77","-0.1","13182"
"Jordan Weems","ARI","1","1","1","1","5.61","0","18","18.0","19","11","3","19","12","1.68","9.50","5.92","5.25","-0.1","13190"
"Adam Plutko","BAL","1","2","0","4","5.57","0","24","24.0","27","15","5","20","8","1.44","7.36","2.95","5.50","-0.1","15846"
"Logan Allen","CLE","2","3","0","0","5.64","7","10","34.0","37","21","7","29","16","1.56","7.59","4.20","5.60","-0.1","18555"
"Tyler Kinley","COL","1","2","0","5","5.50","0","25","25.0","26","16","4","27","15","1.61","9.59","5.43","5.20","-0.1","18297"
"Yency Almonte","COL","1","2","0","4","5.68","0","24","24.0","27","15","4","22","13","1.65","8.17","4.94","5.39","-0.1","15068"
"Kyle Funkhouser","DET","1","2","0","6","4.90","0","27","27.0","28","15","4","24","14","1.55","7.95","4.74","4.91","-0.1","19456"
"J.B. Bukauskas","ARI","1","1","0","5","4.88","0","27","27.0","26","15","4","26","16","1.57","8.65","5.43","4.85","-0.1","20491"
