"Name","Team","G","PA","AB","H","2B","3B","HR","R","RBI","BB","SO","HBP","SB","CS","AVG","OBP","SLG","OPS","wOBA","Fld","BsR","WAR","playerid"
"Jose Ramirez","CLE","73","308","267","73","19","1","16","47","48","36","44","3","10","3",".274",".363",".529",".892",".378","1.2","1.1","2.8","13510"
"Mookie Betts","LAD","69","291","249","68","15","2","13","49","37","36","46","3","9","2",".274",".370",".501",".872",".373","4.9","1.4","2.7","13611"
"Juan Soto","WSN","70","293","240","71","13","1","15","50","50","50","49","1","6","2",".297",".418",".550",".968",".408","0.0","-0.1","2.7","20123"
"Mike Trout","LAA","53","221","175","49","9","1","13","36","36","40","51","4","4","1",".282",".423",".575",".998",".418","-0.9","0.4","2.6","10155"
"Carlos Correa","HOU","68","285","248","68","14","0","13","40","44","33","59","2","1","0",".274",".362",".488",".850",".365","0.3","0.1","2.6","14162"
"Aaron Judge","NYY","69","290","244","64","10","0","18","45","45","41","82","2","2","1",".264",".372",".525",".897",".383","3.3","-0.2","2.6","15640"
"Trea Turner","WSN","69","290","263","77","14","2","11","45","34","23","52","2","15","3",".295",".353",".492",".846",".363","-0.6","1.9","2.4","16252"
"Fernando Tatis Jr.","SDP","57","239","209","58","11","1","15","41","40","25","62","2","11","4",".279",".360",".558",".918",".387","-1.8","1.0","2.4","19709"
"Vladimir Guerrero Jr.","TOR","73","308","269","80","15","2","17","46","53","33","51","3","1","1",".297",".377",".553",".930",".394","-0.4","-0.7","2.3","19611"
"Francisco Lindor","NYM","72","301","265","68","14","1","13","42","36","29","48","3","8","2",".255",".333",".456",".788",".338","2.7","0.2","2.3","12916"
"Xander Bogaerts","BOS","67","282","251","72","17","0","11","40","40","28","51","2","4","1",".288",".360",".494",".854",".366","-1.4","0.6","2.2","12161"
"Bo Bichette","TOR","73","305","280","80","17","2","12","45","45","20","59","2","11","3",".284",".334",".487",".821",".351","-0.8","0.6","2.1","19612"
"Cody Bellinger","LAD","61","255","218","56","10","2","14","37","43","33","54","1","5","1",".258",".357",".507",".863",".364","0.9","0.3","2.1","15998"
"Freddie Freeman","ATL","72","303","256","74","16","1","14","47","44","42","55","3","3","1",".288",".391",".518",".910",".385","0.8","-0.2","2.1","5361"
"Matt Chapman","OAK","68","287","251","59","13","2","13","37","39","30","80","3","1","1",".235",".321",".459",".781",".336","3.8","0.1","2.1","16505"
"Marcus Semien","TOR","73","308","273","72","14","1","13","45","39","31","59","1","6","2",".262",".337",".468",".805",".347","1.6","0.6","2.1","12533"
"Manny Machado","SDP","64","268","237","64","11","1","13","37","44","28","46","1","5","2",".269",".346",".492",".839",".356","1.9","-0.1","2.1","11493"
"Jose Altuve","HOU","68","285","252","71","12","1","12","43","35","28","44","2","5","2",".282",".355",".472",".827",".357","-1.3","0.1","2.1","5417"
"Nolan Arenado","STL","70","296","265","69","15","1","13","37","42","26","44","2","1","1",".261",".330",".474",".804",".341","3.2","0.0","2.0","9777"
"Anthony Rendon","LAA","60","252","215","58","14","1","9","33","36","32","39","3","1","0",".270",".369",".470",".839",".362","1.1","0.1","2.0","12861"
"J.T. Realmuto","PHI","60","251","223","58","12","1","10","33","36","21","56","4","4","1",".262",".335",".456",".791",".341","1.4","0.5","2.0","11739"
"Ozzie Albies","ATL","70","293","267","74","17","3","12","41","41","21","50","2","8","2",".276",".332",".488",".820",".350","1.5","1.0","2.0","16556"
"Bryce Harper","PHI","69","291","239","61","13","1","15","44","46","47","71","3","6","2",".257",".382",".508",".890",".378","-0.4","-0.1","2.0","11579"
"Matt Olson","OAK","67","281","242","60","12","0","18","40","47","34","68","4","1","0",".250",".348",".519",".866",".367","1.7","-0.3","1.9","14344"
"Joey Gallo","TEX","69","289","237","51","9","1","18","41","44","47","100","3","3","1",".217",".353",".493",".847",".362","1.3","0.4","1.9","14128"
"Rafael Devers","BOS","66","279","253","71","17","1","14","41","46","21","61","2","3","2",".279",".338",".525",".863",".364","-0.9","0.0","1.9","17350"
"DJ LeMahieu","NYY","71","300","269","78","12","1","8","42","32","26","42","2","3","1",".290",".354",".428",".782",".342","1.9","0.0","1.9","9874"
"Max Muncy","LAD","63","264","215","53","9","1","14","40","42","43","61","3","1","0",".247",".379",".489",".869",".374","0.8","-0.1","1.9","13301"
"Gleyber Torres","NYY","69","290","254","68","12","0","11","36","41","32","58","2","4","2",".267",".350",".450",".800",".347","-2.3","-0.1","1.8","16997"
"Christian Yelich","MIL","64","269","223","59","11","1","12","40","35","41","67","3","7","2",".264",".381",".482",".864",".371","-0.2","0.9","1.8","11477"
"Trevor Story","COL","65","273","244","65","14","2","13","39","37","24","69","2","12","4",".267",".337",".499",".836",".356","1.4","0.9","1.8","12564"
"Yoan Moncada","CHW","67","281","243","63","12","2","9","35","34","33","79","3","3","1",".258",".350",".428",".778",".340","1.0","0.0","1.8","17232"
"Kyle Tucker","HOU","65","273","246","66","14","2","12","38","42","23","53","2","8","2",".269",".333",".492",".825",".351","1.2","0.6","1.8","18345"
"George Springer","TOR","65","272","237","62","10","1","14","42","41","30","55","3","3","2",".264",".353",".488",".840",".362","-1.0","-0.1","1.7","12856"
"Byron Buxton","MIN","45","189","175","47","11","1","10","28","29","10","48","2","7","2",".271",".317",".524",".841",".356","3.1","1.0","1.7","14161"
"Trent Grisham","SDP","61","256","220","55","10","2","9","35","31","31","59","2","7","2",".248",".346",".440",".786",".342","2.1","0.1","1.7","18564"
"Corey Seager","LAD","48","202","179","51","11","1","9","30","32","19","36","2","1","0",".283",".357",".500",".857",".367","-0.8","0.2","1.7","13624"
"Shohei Ohtani","LAA","65","274","241","64","13","2","18","43","47","29","77","2","9","3",".266",".347",".552",".899",".378","0.0","0.3","1.7","19755"
"Alex Bregman","HOU","47","196","165","45","11","1","8","28","28","27","27","3","2","0",".273",".380",".489",".870",".375","-0.5","-0.2","1.7","17678"
"Ramon Laureano","OAK","65","272","241","59","12","1","11","35","34","22","72","6","7","2",".244",".323",".445",".768",".333","1.1","0.6","1.7","17128"
"Ke'Bryan Hayes","PIT","67","280","248","65","15","2","7","36","29","27","56","2","4","1",".264",".339",".434",".773",".335","2.6","0.0","1.7","18577"
"Yordan Alvarez","HOU","61","258","227","63","13","0","14","38","44","26","67","3","1","0",".279",".358",".530",".888",".376","0.0","-0.2","1.6","19556"
"Justin Turner","LAD","58","242","210","59","11","0","9","33","33","24","41","6","1","0",".282",".369",".466",".835",".363","-1.9","-0.5","1.6","5235"
"Kris Bryant","CHC","70","292","252","65","14","1","12","42","35","32","69","6","2","1",".257",".352",".465",".817",".353","-1.1","0.3","1.6","15429"
"Josh Donaldson","MIN","55","230","192","47","10","0","11","32","30","34","52","2","1","0",".245",".361",".470",".831",".359","0.0","-0.5","1.5","5038"
"Tim Anderson","CHW","71","300","282","81","15","1","9","42","32","13","68","2","10","3",".287",".320",".443",".763",".329","-2.9","0.8","1.5","15172"
"Jeff McNeil","NYM","65","275","245","70","14","1","7","33","30","21","35","7","3","1",".285",".355",".436",".791",".344","-1.4","-0.6","1.5","15362"
"Starling Marte","MIA","67","281","253","68","12","2","8","39","29","18","53","7","13","4",".269",".333",".420",".753",".328","-0.1","1.2","1.5","9241"
"Michael Brantley","HOU","61","258","234","70","15","1","7","34","31","20","31","2","2","1",".299",".357",".456",".812",".352","0.5","-0.2","1.5","4106"
"Nelson Cruz","MIN","65","271","236","66","10","0","16","37","45","28","63","4","1","0",".279",".363",".532",".895",".377","0.0","-1.1","1.5","2434"
"Giancarlo Stanton","NYY","64","268","231","59","10","0","17","38","48","33","81","3","1","1",".256",".352",".528",".881",".374","0.0","-0.6","1.5","4949"
"Paul DeJong","STL","62","261","231","54","11","0","11","31","34","23","66","5","2","1",".233",".314",".423",".736",".321","1.9","-0.1","1.5","18015"
"Javier Baez","CHC","69","289","270","68","12","2","15","38","44","14","88","3","7","2",".251",".292",".473",".765",".324","-0.1","0.6","1.4","12979"
"Buster Posey","SFG","41","174","153","42","8","0","4","19","19","17","28","1","0","0",".274",".351",".410",".762",".332","1.3","-0.5","1.4","9166"
"Paul Goldschmidt","STL","70","292","254","67","12","1","11","38","36","34","66","2","3","1",".263",".353",".451",".804",".349","1.2","0.1","1.4","9218"
"Anthony Rizzo","CHC","70","296","250","65","12","2","12","37","39","33","46","10","3","2",".259",".366",".460",".826",".357","1.2","-1.1","1.4","3473"
"Brandon Nimmo","NYM","59","246","202","50","11","2","7","33","23","36","62","6","3","2",".247",".375",".414",".789",".350","-2.1","-0.1","1.4","12927"
"Michael Conforto","NYM","65","275","232","57","11","0","11","35","37","36","67","5","2","1",".247",".359",".439",".798",".349","-0.4","-0.2","1.4","16376"
"Sean Murphy","OAK","41","174","154","36","8","0","7","20","22","15","42","3","0","0",".230",".310",".423",".733",".319","0.7","-0.1","1.4","19352"
"Pete Alonso","NYM","70","294","256","63","11","0","18","39","49","29","73","7","1","1",".247",".337",".508",".845",".359","-1.0","-0.8","1.4","19251"
"J.P. Crawford","SEA","69","288","253","64","13","2","5","34","26","29","54","3","4","2",".252",".333",".374",".707",".314","0.0","-0.2","1.4","15491"
"Jesse Winker","CIN","62","261","224","62","11","0","11","37","32","31","49","4","1","1",".277",".373",".482",".855",".370","-1.4","-0.8","1.4","13590"
"Jake Cronenworth","SDP","65","274","244","66","13","2","6","35","28","24","43","3","4","2",".268",".340",".415",".756",".330","1.1","0.0","1.4","18036"
"Brandon Lowe","TBR","59","249","218","50","10","1","12","32","35","25","75","4","3","1",".230",".318",".455",".773",".333","0.2","0.3","1.3","18882"
"Tommy Pham","SDP","67","280","239","62","11","1","8","38","30","35","61","3","10","3",".259",".359",".419",".778",".342","0.3","0.8","1.3","2967"
"Rhys Hoskins","PHI","70","294","247","58","14","1","15","42","45","40","73","4","2","1",".235",".350",".481",".831",".358","0.2","-0.4","1.3","16472"
"Max Kepler","MIN","56","237","205","49","11","1","11","33","32","26","44","3","3","1",".240",".332",".466",".797",".343","1.7","0.2","1.3","12144"
"Cedric Mullins","BAL","68","284","256","67","13","2","8","35","27","21","55","3","11","3",".261",".322",".429",".751",".325","-0.2","0.7","1.3","17929"
"Bryan Reynolds","PIT","68","286","253","68","14","1","10","36","34","28","66","2","2","1",".267",".344",".445",".789",".342","-2.3","-0.3","1.3","19326"
"Ketel Marte","ARI","48","203","183","54","12","2","6","27","23","16","28","2","2","1",".295",".355",".477",".832",".357","-0.2","0.1","1.3","13613"
"Willy Adames","MIL","65","272","242","60","13","1","9","32","32","26","77","1","3","2",".248",".322",".426",".748",".325","0.2","-0.1","1.3","15986"
"Yasmani Grandal","CHW","35","146","118","26","5","0","7","19","20","25","38","1","0","0",".220",".357",".433",".790",".347","0.5","-0.7","1.3","11368"
"Gio Urshela","NYY","67","281","259","70","14","0","9","33","37","17","56","2","1","0",".270",".318",".430",".749",".324","0.9","-0.6","1.3","10681"
"Whit Merrifield","KCR","71","300","274","76","15","2","7","39","29","19","45","3","14","3",".277",".328",".417",".745",".323","0.7","1.4","1.3","11281"
"Chris Taylor","LAD","66","276","241","61","13","2","8","37","35","29","75","4","5","2",".254",".341",".430",".771",".336","-1.7","0.4","1.3","13757"
"Miguel Rojas","MIA","61","256","231","61","12","1","4","28","24","18","34","4","5","2",".264",".325",".378",".704",".309","2.3","-0.2","1.3","7802"
"Luis Arraez","MIN","61","256","229","70","12","2","2","33","21","22","23","1","2","1",".305",".367",".401",".768",".338","-0.6","-0.1","1.3","18568"
"J.D. Martinez","BOS","69","288","254","70","15","1","14","40","45","30","68","2","1","0",".276",".353",".513",".866",".367","0.0","-0.8","1.3","6184"
"Willson Contreras","CHC","54","226","193","47","9","1","8","28","27","24","57","6","2","1",".244",".344",".429",".772",".338","-0.4","-0.8","1.2","11609"
"Alex Verdugo","BOS","61","258","232","66","15","1","7","35","27","22","39","2","3","1",".284",".348",".442",".790",".342","0.5","0.2","1.2","17027"
"Will Smith","LAD","40","166","143","34","7","0","8","22","26","18","38","3","1","0",".240",".336",".455",".791",".341","0.5","-0.2","1.2","19197"
"Adam Frazier","PIT","67","280","251","70","15","2","5","34","24","22","36","4","3","2",".279",".343",".411",".754",".330","-0.3","-0.3","1.2","15223"
"Salvador Perez","KCR","60","252","239","62","12","0","14","29","39","7","60","4","0","0",".261",".292",".483",".775",".329","2.1","-0.6","1.2","7304"
"Brandon Crawford","SFG","60","252","225","56","12","1","8","29","33","22","55","3","3","1",".250",".322",".418",".740",".319","0.7","-0.3","1.2","5343"
"Jean Segura","PHI","65","272","249","71","13","2","6","34","28","17","40","3","5","2",".284",".336",".420",".756",".328","-0.2","0.4","1.2","5933"
"Wander Franco","TBR","62","261","238","62","11","2","7","31","29","20","39","1","5","4",".263",".321",".417",".738",".320","-0.4","-0.7","1.2","23667"
"Jared Walsh","LAA","67","281","254","65","14","1","15","37","46","22","79","3","1","0",".254",".319",".500",".819",".348","0.1","-0.3","1.2","18607"
"Max Stassi","LAA","39","162","142","33","6","0","6","20","20","15","44","3","0","0",".235",".320",".411",".731",".320","-0.8","-0.5","1.2","10059"
"Luke Voit","NYY","65","271","237","61","10","1","13","37","41","28","71","4","0","0",".256",".343",".474",".817",".353","-0.3","-0.4","1.2","14811"
"Harrison Bader","STL","61","258","226","52","10","1","9","31","29","24","72","6","7","3",".230",".317",".404",".721",".312","2.8","0.3","1.2","18030"
"Mike Yastrzemski","SFG","65","271","238","59","14","2","10","36","33","27","65","4","2","1",".249",".334",".451",".785",".338","0.4","-0.1","1.2","14854"
"Jeimer Candelario","DET","66","279","245","61","14","1","8","32","30","29","68","3","1","0",".249",".334",".413",".746",".327","-0.3","-0.2","1.1","13621"
"Dansby Swanson","ATL","68","284","254","62","14","1","9","34","35","25","73","2","5","2",".246",".316",".421",".738",".317","-0.3","0.4","1.1","18314"
"Randy Arozarena","TBR","67","283","250","64","12","1","11","38","34","24","71","7","9","5",".257",".336",".445",".781",".338","-1.5","-0.3","1.1","19290"
"Jorge Polanco","MIN","62","259","233","62","13","1","7","33","30","21","41","2","4","2",".268",".330",".433",".763",".331","-1.8","0.0","1.1","13152"
"Kolten Wong","MIL","51","215","189","51","10","1","5","27","20","18","34","5","6","2",".268",".343",".410",".754",".329","1.5","0.3","1.1","12532"
"David Fletcher","LAA","69","290","267","75","14","1","3","35","24","18","31","1","4","1",".283",".330",".377",".707",".310","0.8","0.0","1.1","17992"
"Andrelton Simmons","MIN","59","249","227","60","12","1","4","28","23","17","30","2","3","1",".263",".318",".367",".685",".302","2.8","0.2","1.1","10847"
"Cavan Biggio","TOR","64","269","226","52","11","1","8","34","30","38","72","2","5","1",".228",".341",".397",".738",".326","-0.1","0.0","1.1","19252"
"Didi Gregorius","PHI","59","249","229","59","10","1","10","30","38","15","38","3","3","1",".256",".308",".443",".751",".321","-0.4","0.1","1.1","6012"
"Mark Canha","OAK","51","215","181","44","9","2","8","30","24","25","49","7","3","1",".241",".354",".435",".789",".345","-0.2","0.0","1.1","11445"
"Trey Mancini","BAL","68","287","258","68","13","1","13","36","40","24","66","3","0","0",".265",".332",".471",".804",".345","-0.4","0.0","1.1","15149"
"Jose Iglesias","LAA","62","259","244","67","14","1","5","28","29","10","35","3","3","1",".277",".311",".400",".711",".309","0.4","0.0","1.1","10231"
"Tyler O'Neill","STL","65","271","245","59","12","0","14","35","39","20","83","3","5","2",".241",".304",".464",".768",".330","1.3","0.2","1.1","15711"
"Mitch Haniger","SEA","64","267","237","59","12","1","12","37","34","23","65","4","2","1",".250",".324",".460",".784",".338","0.3","-0.4","1.1","14274"
"Kyle Seager","SEA","65","273","243","56","12","1","11","30","37","24","59","3","2","1",".230",".307",".418",".725",".313","0.6","-0.5","1.0","9785"
"Jose Abreu","CHW","71","297","268","71","14","1","14","37","49","20","69","6","1","0",".264",".326",".476",".802",".343","-0.8","-0.7","1.0","15676"
"Nick Castellanos","CIN","70","292","266","73","19","1","13","40","41","22","70","3","1","1",".275",".334",".500",".834",".355","-3.2","-0.3","1.0","11737"
"Nate Lowe","TEX","65","274","237","61","10","1","11","33","33","33","70","2","2","1",".256",".349",".439",".788",".343","0.0","-0.1","1.0","19566"
"Eduardo Escobar","ARI","66","278","255","64","12","2","11","33","38","20","56","2","1","1",".250",".305",".448",".754",".321","0.4","-0.2","1.0","6153"
"Christian Vazquez","BOS","48","203","186","48","9","0","5","22","22","13","40","1","4","1",".257",".307",".391",".698",".304","0.9","-0.4","1.0","9774"
"Adalberto Mondesi","KCR","45","189","176","45","9","2","6","24","23","9","54","1","15","4",".256",".293",".440",".734",".314","1.1","1.4","1.0","13769"
"Carlos Santana","KCR","68","287","238","58","10","0","10","37","34","44","45","2","1","0",".244",".364",".421",".786",".344","0.2","-0.3","1.0","2396"
"Eugenio Suarez","CIN","67","280","243","54","9","1","15","34","42","30","79","4","1","1",".224",".318",".446",".764",".330","-2.4","-0.7","1.0","12552"
"Austin Riley","ATL","67","281","252","64","12","1","13","34","41","23","76","4","0","0",".253",".322",".462",".784",".335","-2.8","-0.5","1.0","18360"
"Alec Bohm","PHI","59","249","225","60","11","1","7","29","32","20","54","2","2","1",".266",".329",".415",".743",".324","0.0","-0.2","1.0","21618"
"Eloy Jimenez","CHW","44","183","167","47","8","0","10","24","29","12","41","1","0","0",".279",".331",".516",".847",".360","-0.2","0.0","1.0","17484"
"Cesar Hernandez","CLE","62","262","232","59","11","1","6","33","23","26","53","2","2","1",".255",".333",".389",".722",".318","0.1","0.0","1.0","10556"
"Franmil Reyes","CLE","65","275","247","63","11","1","16","36","45","25","81","1","1","0",".257",".327",".504",".831",".353","0.0","-0.5","1.0","14566"
"Jonathan India","CIN","61","255","218","53","9","2","6","30","24","27","64","7","5","2",".244",".344",".383",".727",".323","0.5","-0.3","0.9","21523"
"Myles Straw","HOU","56","236","208","53","8","1","1","26","18","23","46","1","12","4",".256",".332",".326",".658",".297","2.1","0.9","0.9","17620"
"Teoscar Hernandez","TOR","71","298","271","69","13","1","15","39","46","24","88","1","5","3",".253",".315",".479",".794",".339","-0.3","-0.1","0.9","13066"
"Gavin Lux","LAD","56","236","211","52","9","2","8","29","32","21","54","1","3","2",".248",".318",".422",".740",".321","-0.9","0.0","0.9","19955"
"Omar Narvaez","MIL","40","166","143","37","6","0","5","18","18","19","34","2","0","0",".255",".348",".404",".752",".331","-1.3","-0.4","0.9","13338"
"Victor Robles","WSN","68","284","249","60","14","2","6","32","27","21","66","10","10","4",".242",".323",".378",".702",".309","1.7","0.1","0.9","18363"
"Austin Meadows","TBR","64","268","237","58","14","1","11","34","36","25","65","3","4","1",".245",".323",".455",".778",".333","0.1","-0.3","0.9","15672"
"Ty France","SEA","65","273","244","64","13","1","8","32","33","18","55","8","0","0",".262",".333",".425",".758",".331","0.3","-0.5","0.9","17982"
"Yadier Molina","STL","50","208","192","49","9","0","5","20","25","11","33","3","1","0",".255",".301",".382",".683",".298","1.6","-0.8","0.9","7007"
"Jacob Stallings","PIT","38","159","143","35","8","0","4","15","18","13","35","2","0","0",".242",".313",".378",".692",".303","0.8","-0.3","0.9","13723"
"Tommy Edman","STL","66","277","255","67","12","2","5","33","24","16","46","3","9","3",".261",".310",".387",".697",".305","0.7","0.9","0.9","19470"
"Luis Urias","MIL","60","254","221","54","11","1","7","30","27","25","57","4","3","1",".244",".332",".393",".725",".319","0.1","-0.2","0.9","16622"
"Yuli Gurriel","HOU","66","276","250","69","15","1","8","33","37","20","30","3","1","1",".275",".331",".439",".770",".333","-0.5","-0.6","0.9","19198"
"Gary Sanchez","NYY","50","210","183","39","7","0","12","27","33","22","61","3","0","0",".214",".308",".453",".761",".327","-2.2","-0.4","0.9","11442"
"Garrett Cooper","MIA","54","227","201","53","10","0","8","27","29","22","57","3","1","0",".264",".342",".435",".778",".339","-0.2","-0.6","0.9","15279"
"Brian Anderson","MIA","40","170","150","37","8","1","5","19","20","16","42","4","1","1",".248",".331",".417",".747",".326","0.2","0.0","0.8","18289"
"Amed Rosario","CLE","51","214","200","55","9","3","4","26","21","11","42","1","5","2",".274",".313",".410",".723",".313","-0.2","0.3","0.8","15518"
"Nick Solak","TEX","61","255","229","58","10","1","7","30","28","19","56","5","4","1",".253",".321",".395",".716",".314","-1.2","0.2","0.8","19294"
"Kevin Kiermaier","TBR","50","212","192","44","9","2","5","23","22","15","55","2","6","2",".229",".291",".375",".665",".289","3.3","0.6","0.8","11038"
"Hunter Renfroe","BOS","56","236","213","51","12","0","12","30","37","19","62","2","2","1",".240",".304",".472",".777",".332","1.3","-0.4","0.8","15464"
"Nico Hoerner","CHC","58","243","218","60","12","1","3","27","26","19","34","3","5","2",".276",".339",".384",".724",".318","0.5","-0.1","0.8","21479"
"Ian Happ","CHC","48","202","173","40","8","1","9","25","25","25","59","2","2","1",".232",".334",".430",".764",".333","-1.1","-0.1","0.8","17919"
"Lorenzo Cain","MIL","43","181","161","42","7","0","3","22","15","17","32","2","5","2",".263",".339",".376",".715",".316","1.8","0.4","0.8","9077"
"Mike Zunino","TBR","35","148","133","26","5","0","8","17","21","11","55","2","0","0",".194",".268",".419",".687",".296","0.4","-0.3","0.8","13265"
"Joey Wendle","TBR","47","199","182","47","11","1","4","23","20","11","41","4","5","2",".257",".313",".389",".703",".305","1.2","0.0","0.8","13853"
"Jesus Aguilar","MIA","59","249","219","56","10","0","10","29","37","25","54","2","0","0",".254",".333",".444",".777",".336","0.0","-0.6","0.8","11342"
"Isiah Kiner-Falefa","TEX","70","296","271","70","12","2","4","32","23","16","47","5","9","3",".257",".307",".359",".667",".293","-0.4","0.6","0.8","16512"
"Manuel Margot","TBR","48","202","184","47","9","1","6","23","23","15","37","1","8","3",".255",".312",".408",".720",".312","1.9","0.3","0.8","14712"
"Kyle Schwarber","WSN","37","155","132","32","5","0","10","22","25","19","44","2","1","0",".239",".341",".513",".854",".362","-0.2","-0.3","0.8","16478"
"Joc Pederson","CHC","53","224","196","47","9","1","10","30","29","21","52","4","2","1",".239",".322",".457",".779",".336","-0.1","-0.3","0.8","11899"
"Wil Myers","SDP","60","250","222","54","11","1","10","29","35","25","72","1","6","2",".242",".321",".442",".762",".329","-0.7","0.2","0.8","10047"
"Andrew Benintendi","KCR","58","243","213","55","11","1","7","30","26","25","50","2","6","3",".257",".339",".412",".751",".329","0.0","-0.1","0.7","17901"
"Jonah Heim","TEX","33","139","127","31","6","0","3","14","14","10","24","1","1","1",".240",".295",".369",".664",".291","1.2","-0.1","0.7","16930"
"Roberto Perez","CLE","37","154","134","27","4","0","5","14","17","16","48","2","0","0",".200",".289",".355",".644",".285","2.4","-0.4","0.7","2900"
"Anthony Santander","BAL","66","278","258","65","16","1","11","32","39","15","56","2","1","1",".254",".299",".455",".754",".321","0.8","-0.6","0.7","14551"
"Josh Rojas","ARI","55","230","204","50","11","1","6","28","21","23","52","1","6","3",".246",".323",".396",".719",".316","0.3","0.1","0.7","19734"
"Ryan McMahon","COL","61","255","228","57","12","1","11","32","34","23","74","2","3","1",".251",".321",".450",".771",".332","0.2","0.1","0.7","15112"
"Robbie Grossman","DET","62","261","220","53","11","2","7","31","26","35","54","2","6","2",".240",".349",".396",".745",".329","-0.8","-0.3","0.7","5254"
"Danny Jansen","TOR","35","148","129","29","6","0","5","18","18","15","31","3","1","0",".222",".311",".397",".708",".311","-0.1","-0.2","0.7","16535"
"Yandy Diaz","TBR","52","218","185","50","9","0","4","26","20","30","37","1","1","0",".268",".372",".379",".751",".335","0.2","-0.4","0.7","16578"
"Lourdes Gurriel Jr.","TOR","61","256","239","63","13","0","11","30","35","12","56","2","2","2",".265",".304",".458",".762",".326","0.3","-0.5","0.7","19238"
"Ji-Man Choi","TBR","48","202","171","41","9","0","7","24","25","28","51","2","1","0",".242",".352",".418",".770",".338","-0.3","-0.3","0.7","5452"
"Tucker Barnhart","CIN","39","165","145","34","8","0","4","16","18","17","40","1","0","0",".234",".318",".371",".689",".303","1.6","-0.6","0.7","10200"
"Justin Upton","LAA","59","246","215","50","9","0","12","33","35","26","72","3","2","1",".231",".320",".446",".766",".332","-1.6","-0.1","0.7","5222"
"Eddie Rosario","CLE","54","227","211","57","11","1","10","28","34","13","36","1","4","1",".270",".311",".464",".775",".331","-0.1","0.1","0.7","12155"
"Dylan Carlson","STL","67","280","247","61","13","3","7","34","28","27","68","3","3","2",".245",".324",".401",".725",".317","0.0","-0.3","0.7","20126"
"C.J. Cron","COL","58","245","216","57","11","1","13","31","38","21","57","6","0","0",".262",".342",".500",".842",".361","0.2","-0.7","0.7","12546"
"Jason Heyward","CHC","48","202","176","43","7","1","5","23","22","22","38","2","2","1",".243",".332",".389",".721",".318","2.4","0.2","0.7","4940"
"Mike Moustakas","CIN","40","168","149","37","7","0","9","21","27","15","32","2","1","0",".248",".322",".475",".797",".340","-0.9","-0.4","0.7","4892"
"Jonathan Schoop","DET","62","261","241","64","11","1","11","32","35","13","57","4","1","0",".263",".308",".455",".763",".327","0.0","0.0","0.7","11265"
"Dominic Smith","NYM","61","256","231","59","13","1","9","30","34","19","61","4","1","1",".256",".319",".433",".752",".325","-0.9","-0.4","0.7","15653"
"Brett Gardner","NYY","50","211","181","41","8","2","6","26","21","25","48","2","3","1",".225",".324",".382",".706",".312","-0.3","0.2","0.7","9927"
"Nick Ahmed","ARI","58","242","219","52","12","2","5","25","25","19","52","1","3","1",".237",".300",".377",".676",".295","1.1","0.3","0.7","12147"
"Randal Grichuk","TOR","60","250","232","58","12","1","13","31","38","14","61","2","1","1",".249",".294",".473",".767",".326","-1.4","-0.3","0.7","10243"
"Enrique Hernandez","BOS","46","193","171","41","10","1","7","25","23","17","40","3","1","0",".240",".316",".429",".745",".322","-0.3","0.1","0.7","10472"
"Adam Duvall","MIA","55","230","210","47","9","1","12","28","35","16","66","3","2","1",".224",".285",".449",".735",".314","1.1","-0.1","0.7","10950"
"Brandon Belt","SFG","38","161","136","33","7","1","6","20","20","22","40","1","1","1",".243",".350",".436",".786",".343","0.9","-0.4","0.7","10264"
"Kole Calhoun","ARI","56","236","206","48","10","1","10","30","29","25","58","3","2","1",".232",".321",".427",".748",".324","1.0","-0.2","0.7","11200"
"Alex Kirilloff","MIN","51","214","198","54","11","1","7","24","27","13","43","2","2","2",".274",".322",".449",".771",".331","-0.2","-0.4","0.6","20325"
"James McCann","NYM","45","191","173","40","7","0","6","19","22","13","56","3","1","0",".233",".296",".374",".670",".294","0.9","-0.4","0.6","12859"
"Nicky Lopez","KCR","60","252","225","57","9","2","2","26","19","22","35","2","5","2",".253",".321",".337",".658",".294","1.6","-0.2","0.6","19339"
"Josh Bell","WSN","64","268","235","60","12","1","12","35","42","29","59","2","0","0",".254",".339",".469",".808",".345","-1.8","-0.9","0.6","13145"
"Starlin Castro","WSN","59","246","228","63","12","1","6","26","30","15","45","1","1","1",".276",".320",".417",".737",".319","-1.2","-0.3","0.6","4579"
"Ryan Mountcastle","BAL","63","265","246","66","12","1","11","31","38","15","66","2","2","1",".269",".314",".458",".772",".331","0.0","-0.3","0.6","18373"
"Avisail Garcia","MIL","58","242","220","57","10","1","9","27","32","16","59","4","3","2",".260",".321",".431",".751",".324","0.7","-0.4","0.6","5760"
"Evan Longoria","SFG","38","158","143","36","7","0","5","18","21","12","33","1","1","1",".251",".315",".424",".739",".319","0.3","-0.2","0.6","9368"
"Andrew McCutchen","PHI","61","256","218","52","9","1","10","34","33","33","58","2","4","1",".239",".342",".427",".769",".336","-2.5","-0.5","0.6","9847"
"Christian Arroyo","BOS","40","169","154","39","9","0","5","19","21","10","38","3","1","0",".254",".309",".420",".730",".316","0.6","-0.1","0.6","16434"
"Joey Votto","CIN","65","274","232","58","11","0","9","34","32","37","58","2","1","0",".249",".355",".420",".776",".340","-0.6","-1.2","0.6","4314"
"Ryan Jeffers","MIN","27","112","101","23","4","0","4","12","13","9","31","1","0","0",".230",".302",".395",".697",".305","0.3","-0.1","0.6","24618"
"Andrew Vaughn","CHW","59","249","222","54","13","0","8","29","28","20","58","4","1","1",".245",".317",".415",".732",".319","0.1","-0.5","0.6","26197"
"Austin Nola","SDP","28","118","103","25","5","0","3","13","14","11","23","2","0","0",".246",".331",".381",".712",".314","-0.5","-0.1","0.6","15941"
"Yan Gomes","WSN","33","138","126","31","6","0","5","15","18","10","31","2","0","0",".249",".311",".418",".729",".314","0.8","-0.2","0.6","9627"
"A.J. Pollock","LAD","38","160","145","37","8","0","8","20","24","11","36","2","2","1",".254",".313",".473",".785",".334","-0.1","0.0","0.6","9256"
"Jake Rogers","DET","34","143","127","26","4","1","5","16","17","12","46","2","1","0",".205",".283",".384",".667",".291","2.0","-0.1","0.6","19452"
"Tony Kemp","OAK","45","191","164","41","8","1","3","22","16","21","29","3","4","2",".248",".339",".363",".701",".313","-0.7","-0.1","0.6","14894"
"Charlie Blackmon","COL","61","255","227","64","12","2","8","34","32","22","44","4","1","1",".281",".352",".456",".808",".349","-1.0","-0.3","0.6","7859"
"Carson Kelly","ARI","24","100","86","21","4","0","4","11","12","11","21","1","0","0",".242",".335",".415",".751",".327","0.0","-0.1","0.6","13620"
"Elvis Andrus","OAK","61","257","238","58","13","1","4","27","23","15","41","2","7","3",".245",".292",".358",".650",".284","-0.9","0.6","0.6","8709"
"Patrick Wisdom","CHC","48","202","182","41","8","0","10","25","28","16","68","2","3","1",".226",".294",".438",".732",".315","-0.1","0.0","0.6","13602"
"Adolis Garcia","TEX","67","283","264","62","11","2","13","33","41","13","88","4","6","3",".235",".278",".441",".719",".307","0.6","-0.7","0.6","19287"
"Taylor Walls","TBR","35","146","131","31","7","1","2","15","14","13","33","1","5","3",".237",".309",".361",".670",".296","1.4","-0.4","0.6","22458"
"Austin Hays","BAL","42","177","163","42","7","1","7","22","22","9","36","2","2","1",".257",".304",".440",".744",".320","0.9","-0.3","0.6","19363"
"Bobby Bradley","CLE","59","246","220","50","10","1","14","31","35","22","80","2","0","0",".225",".301",".463",".764",".327","0.6","-0.2","0.6","17278"
"Austin Barnes","LAD","25","104","88","19","4","0","2","11","11","12","25","2","1","0",".220",".324",".340",".664",".298","0.0","-0.1","0.6","12158"
"Odubel Herrera","PHI","51","214","195","49","11","1","6","25","25","14","45","3","3","1",".253",".309",".414",".723",".313","-1.0","0.0","0.6","11476"
"J.D. Davis","NYM","33","137","121","31","6","0","5","16","17","13","34","2","0","0",".259",".338",".438",".776",".336","-1.7","-0.3","0.6","16219"
"Miguel Sano","MIN","60","252","221","48","10","1","15","34","38","28","94","2","0","0",".219",".309",".474",".783",".335","-2.1","-0.4","0.5","12164"
"Brendan Rodgers","COL","54","227","208","55","11","1","7","25","28","14","47","4","2","1",".263",".318",".434",".752",".325","0.5","-0.1","0.5","17907"
"Maikel Franco","BAL","57","240","220","53","11","0","9","25","32","17","38","1","0","0",".242",".296",".425",".721",".307","-0.8","-0.3","0.5","12179"
"David Peralta","ARI","55","230","209","56","11","2","6","24","28","17","44","2","1","0",".266",".326",".422",".748",".324","0.1","-0.2","0.5","2136"
"Austin Slater","SFG","37","155","135","33","6","1","5","18","16","16","43","2","5","1",".245",".331",".400",".732",".322","0.1","0.3","0.5","16153"
"Donovan Solano","SFG","54","227","210","57","12","0","3","22","22","12","41","2","1","0",".273",".317",".371",".688",".302","-0.5","-0.3","0.5","8623"
"Willi Castro","DET","55","233","213","54","10","2","6","26","25","14","56","3","4","1",".254",".306",".399",".706",".307","-1.3","-0.1","0.5","17338"
"Kyle Higashioka","NYY","23","95","87","19","4","0","5","11","13","6","25","1","0","0",".219",".274",".420",".694",".298","-0.3","-0.1","0.5","5517"
"Tyler Stephenson","CIN","31","130","114","28","6","0","3","15","15","12","29","3","0","0",".247",".332",".390",".721",".319","0.0","-0.2","0.5","17988"
"Jazz Chisholm","MIA","56","237","212","46","6","3","9","28","25","19","76","3","8","3",".218",".289",".397",".686",".299","-1.1","0.0","0.5","20454"
"Manny Pina","MIL","22","94","83","18","4","0","3","9","10","8","22","2","0","0",".221",".300",".375",".675",".297","0.9","-0.2","0.5","2829"
"Martin Maldonado","HOU","42","177","157","31","6","0","5","18","18","14","52","3","0","0",".198",".277",".335",".612",".272","1.2","-0.5","0.5","6887"
"Hunter Dozier","KCR","59","249","222","50","12","2","8","28","28","24","69","1","2","1",".226",".304",".410",".713",".310","-0.9","-0.3","0.5","15117"
"Ha-seong Kim","SDP","35","146","130","33","6","1","4","16","17","12","26","2","4","1",".252",".319",".404",".724",".315","0.1","0.0","0.5","27506"
"Wilmer Flores","SFG","37","155","141","38","7","0","5","18","20","11","20","1","0","0",".269",".325",".444",".769",".332","-0.8","-0.4","0.5","5827"
"Jonathan Villar","NYM","45","189","168","40","7","1","5","22","18","17","50","1","10","3",".238",".311",".380",".691",".303","-0.6","0.7","0.5","10071"
"Victor Caratini","SDP","30","126","110","27","5","0","3","13","15","12","29","2","1","0",".243",".327",".376",".703",".308","-0.3","-0.2","0.5","14968"
"Freddy Galvis","BAL","41","173","158","38","7","1","5","18","18","12","37","2","1","1",".239",".296",".380",".676",".295","0.2","-0.2","0.5","6609"
"Ramon Urias","BAL","23","95","84","22","5","0","3","11","11","7","21","2","1","1",".257",".327",".420",".747",".326","0.0","-0.2","0.5","18795"
"Pavin Smith","ARI","55","230","208","54","11","2","5","26","22","19","40","1","1","0",".262",".325",".406",".731",".319","-0.7","-0.3","0.5","19892"
"Marcell Ozuna","ATL","23","95","84","23","4","0","5","12","16","9","21","0","1","0",".268",".341",".481",".822",".353","0.3","0.0","0.5","10324"
"Jorge Soler","KCR","56","237","205","47","10","0","11","27","31","26","69","3","1","0",".227",".322",".435",".757",".329","-0.3","-0.3","0.5","14221"
"Brad Miller","PHI","41","173","150","34","6","1","8","21","24","20","53","1","2","1",".226",".321",".435",".757",".327","-0.6","-0.2","0.5","12775"
"Mitch Garver","MIN","21","90","79","18","4","0","4","12","12","10","27","1","0","0",".229",".319",".437",".756",".328","-0.6","-0.1","0.4","15161"
"Jed Lowrie","OAK","41","172","154","38","8","0","4","18","19","16","35","1","0","0",".246",".320",".386",".706",".310","-0.6","-0.4","0.4","4418"
"Tyler Naquin","CIN","52","218","200","50","10","1","8","24","30","13","57","2","3","1",".248",".299",".426",".726",".312","-0.9","-0.1","0.4","13359"
"Christian Walker","ARI","58","245","220","54","12","1","9","30","31","21","60","3","1","0",".246",".316",".427",".744",".322","0.5","0.0","0.4","13419"
"Michael A. Taylor","KCR","47","199","182","42","9","1","6","22","21","14","59","1","5","2",".233",".289",".384",".673",".292","0.8","0.2","0.4","11489"
"Leury Garcia","CHW","44","183","168","43","7","1","3","20","18","10","41","1","3","1",".259",".305",".370",".674",".295","0.1","0.1","0.4","5913"
"Raimel Tapia","COL","61","258","237","68","14","2","4","33","24","17","46","1","9","2",".286",".334",".412",".746",".324","1.2","0.8","0.4","14350"
"Francisco Mejia","TBR","31","131","120","29","6","1","4","14","14","7","27","3","0","0",".240",".295",".391",".686",".299","-0.1","-0.1","0.4","16403"
"Travis d'Arnaud","ATL","19","78","71","18","3","0","3","8","12","6","18","1","0","0",".253",".313",".416",".729",".317","-0.4","-0.1","0.4","7739"
"Jordan Luplow","CLE","25","104","89","21","5","0","4","13","13","12","25","1","1","1",".232",".332",".429",".761",".332","0.5","-0.2","0.4","16424"
"Alex Dickerson","SFG","47","199","179","45","9","1","7","24","26","15","42","3","1","0",".253",".321",".435",".756",".326","-1.7","-0.2","0.4","12649"
"Steven Duggar","SFG","42","177","159","38","9","1","3","19","18","15","54","1","4","2",".240",".309",".375",".683",".299","-0.1","0.0","0.4","17719"
"Chad Pinder","OAK","37","157","143","34","8","0","5","18","19","11","40","2","0","0",".240",".300",".414",".715",".309","-0.8","-0.3","0.4","15191"
"Cal Raleigh","SEA","35","145","133","29","6","0","6","16","19","10","39","1","1","0",".219",".277",".405",".682",".294","-0.7","0.0","0.4","21534"
"Jurickson Profar","SDP","43","182","159","39","8","1","4","22","20","18","28","3","4","1",".244",".330",".383",".712",".315","-0.5","0.4","0.4","10815"
"Jason Castro","HOU","22","93","79","16","4","0","2","10","9","11","30","1","0","0",".203",".307",".348",".655",".294","0.0","-0.3","0.4","8722"
"Yasiel Puig","","37","154","137","34","6","0","6","18","20","14","34","2","4","2",".246",".321",".427",".749",".325","-0.3","-0.3","0.4","14225"
"Luis Robert","CHW","15","63","58","15","3","1","2","8","8","4","18","1","2","1",".262",".314",".458",".772",".332","0.4","0.1","0.4","20043"
"Jon Berti","MIA","35","148","128","30","5","1","2","17","12","16","34","2","7","2",".234",".327",".342",".669",".301","0.1","0.6","0.4","12037"
"Kevin Newman","PIT","57","240","221","56","10","1","3","23","19","14","27","2","4","2",".255",".303",".350",".653",".287","-0.1","-0.1","0.4","17696"
"Reese McGuire","TOR","25","107","97","23","5","0","3","11","10","7","22","1","1","0",".233",".289",".367",".656",".287","0.2","0.0","0.4","15674"
"Bradley Zimmer","CLE","45","188","162","34","6","1","4","20","18","18","66","6","7","2",".213",".313",".340",".653",".294","0.1","0.5","0.4","16221"
"Tommy La Stella","SFG","29","120","107","29","5","1","2","14","12","10","12","1","0","0",".269",".337",".400",".737",".324","-0.9","-0.1","0.4","12371"
"Chas McCormick","HOU","29","120","106","26","4","1","4","14","14","11","26","1","3","1",".241",".315",".392",".707",".310","0.4","0.0","0.4","19599"
"Eric Haase","DET","35","148","135","29","5","1","7","17","20","10","52","1","1","0",".211",".270",".421",".691",".297","0.1","-0.1","0.4","14111"
"Jorge Alfaro","MIA","41","173","159","36","6","0","5","15","19","8","59","4","2","1",".229",".282",".358",".641",".280","-0.7","-0.3","0.4","12180"
"Adam Engel","CHW","45","189","173","40","8","1","5","21","20","10","51","4","4","2",".231",".287",".386",".673",".293","0.8","0.2","0.4","15082"
"Ben Rortvedt","MIN","19","81","73","16","3","0","2","8","8","6","20","1","0","0",".216",".284",".353",".637",".279","0.8","0.0","0.4","20287"
"Austin Hedges","CLE","28","116","104","20","4","0","4","11","13","8","36","1","1","0",".195",".257",".350",".606",".263","0.7","-0.1","0.4","12976"
"Jake Fraley","SEA","34","144","126","29","6","1","4","16","16","15","39","2","5","2",".228",".315",".393",".709",".310","-0.5","0.0","0.3","19260"
"Kyle Lewis","SEA","23","98","87","21","3","0","3","11","11","10","29","0","1","0",".238",".315",".389",".705",".310","-0.3","0.0","0.3","19508"
"Daulton Varsho","ARI","24","101","90","21","4","1","3","11","10","9","23","1","3","1",".234",".309",".391",".700",".307","-0.2","0.1","0.3","19918"
"Jackie Bradley Jr.","MIL","49","206","180","38","7","1","6","22","21","19","57","4","4","1",".213",".299",".371",".670",".295","1.6","0.3","0.3","12984"
"Danny Mendick","CHW","29","120","106","25","4","0","3","13","12","11","26","1","2","1",".232",".312",".356",".668",".297","0.7","-0.2","0.3","18889"
"Andres Gimenez","CLE","28","117","106","26","5","1","2","13","11","6","27","3","6","2",".243",".297",".375",".672",".295","0.5","0.1","0.3","19950"
"Clint Frazier","NYY","43","180","156","36","8","1","7","22","22","20","52","2","2","1",".230",".323",".417",".740",".323","-2.1","-0.2","0.3","15983"
"Taylor Ward","LAA","39","164","144","34","7","1","5","19","18","16","43","2","2","1",".235",".318",".394",".712",".313","-1.0","0.0","0.3","17548"
"Alejandro Kirk","TOR","18","74","66","18","4","0","2","9","10","7","11","1","0","0",".265",".336",".444",".780",".338","0.0","-0.1","0.3","22581"
"Harold Ramirez","CLE","47","198","183","50","10","1","5","22","22","10","37","3","2","1",".271",".315",".416",".731",".316","-1.3","-0.1","0.3","14387"
"Ben Gamel","PIT","50","212","186","45","11","1","4","23","19","21","53","2","2","1",".244",".325",".386",".710",".312","0.1","-0.3","0.3","12160"
"Eric Hosmer","SDP","58","244","222","58","10","0","8","27","35","19","49","2","3","1",".261",".320",".412",".733",".318","-0.7","-0.5","0.3","3516"
"Trevor Larnach","MIN","44","183","164","41","8","0","5","21","20","16","52","2","1","0",".248",".319",".404",".723",".316","-1.1","-0.1","0.3","21501"
"Dylan Moore","SEA","45","190","168","35","8","1","6","20","19","16","54","4","9","4",".208",".291",".366",".657",".290","-0.6","0.2","0.3","18042"
"Jarren Duran","BOS","31","129","118","31","6","1","2","14","13","8","29","1","5","2",".262",".314",".381",".695",".304","0.0","0.0","0.3","sa3006786"
"John Nogowski","PIT","29","121","106","28","5","0","3","14","13","12","17","2","1","0",".263",".346",".389",".735",".326","0.7","-0.3","0.3","16852"
"Brian Goodwin","CHW","38","158","140","32","8","1","6","19","18","15","46","1","2","1",".228",".305",".410",".715",".310","-1.3","0.0","0.3","12858"
"Joshua Jung","TEX","24","100","91","22","4","0","3","11","11","6","23","1","1","0",".246",".301",".396",".697",".303","0.0","0.0","0.3","sa3011468"
"Marwin Gonzalez","BOS","40","166","148","36","8","0","4","17","18","13","36","3","1","0",".244",".314",".387",".702",".308","0.5","-0.2","0.3","5497"
"Alex Avila","WSN","19","78","63","12","3","0","2","7","7","13","28","1","0","0",".192",".334",".338",".672",".302","0.7","-0.2","0.3","7476"
"Jake Marisnick","CHC","28","118","108","26","5","1","4","15","15","7","35","2","3","1",".237",".295",".428",".722",".311","-0.4","0.2","0.3","11339"
"Domingo Leyba","BAL","31","129","118","29","6","1","3","14","13","9","24","1","1","0",".241",".298",".383",".681",".297","-0.2","-0.2","0.3","16404"
"Jose Trevino","TEX","27","114","107","25","5","0","2","11","11","4","22","1","1","0",".231",".261",".341",".602",".262","0.4","-0.2","0.3","16725"
"Matt Carpenter","STL","32","134","112","24","6","0","4","16","15","18","37","2","1","0",".213",".334",".376",".711",".315","-0.7","-0.3","0.3","8090"
"Tomas Nido","NYM","19","79","73","16","3","0","2","8","9","4","19","1","0","0",".225",".270",".364",".634",".274","-0.1","-0.1","0.3","13755"
"Curt Casali","SFG","19","78","68","15","3","0","2","7","8","8","20","1","0","0",".224",".317",".364",".681",".300","-0.3","-0.1","0.3","12510"
"Shed Long Jr.","SEA","44","184","166","37","7","1","5","19","19","15","50","1","3","1",".223",".287",".374",".661",".289","-0.6","0.0","0.3","16542"
"Nick Senzel","CIN","30","124","112","28","6","1","3","15","13","10","27","1","4","2",".253",".318",".404",".721",".315","-0.3","-0.2","0.3","19293"
"Vidal Brujan","TBR","26","109","100","24","4","1","2","11","10","7","19","1","6","3",".245",".302",".355",".657",".289","0.5","0.0","0.3","20536"
"Luis Guillorme","NYM","26","109","94","24","4","0","1","10","8","13","19","1","1","1",".253",".345",".336",".680",".306","0.0","-0.2","0.3","16451"
"Niko Goodrum","DET","39","163","146","32","7","1","4","17","16","14","52","1","5","2",".221",".293",".369",".662",".291","-1.2","0.4","0.2","12092"
"Michael Perez","PIT","28","117","105","22","5","0","3","11","12","9","30","1","0","0",".211",".280",".359",".639",".280","0.5","-0.3","0.2","12977"
"Daniel Vogelbach","MIL","21","88","74","17","3","0","4","11","11","13","21","0","0","0",".232",".347",".432",".779",".340","0.0","-0.2","0.2","14130"
"Zack Short","DET","19","80","68","14","3","0","2","9","8","10","23","1","1","1",".213",".320",".364",".684",".304","0.1","-0.1","0.2","19562"
"Abraham Toro","HOU","17","71","63","15","3","0","2","8","8","6","14","1","1","1",".235",".310",".394",".704",".309","0.0","-0.1","0.2","19844"
"Brock Holt","TEX","31","131","115","27","6","0","2","13","11","13","26","2","2","1",".238",".321",".339",".660",".296","0.0","-0.3","0.2","9345"
"Pat Valaika","BAL","30","126","117","28","5","0","4","14","14","7","32","0","1","1",".239",".285",".403",".687",".297","-0.1","-0.4","0.2","14885"
"Joe Panik","MIA","31","129","115","28","5","0","2","12","11","12","16","1","1","0",".243",".317",".349",".666",".295","-0.4","-0.1","0.2","11936"
"Pedro Severino","BAL","34","141","127","30","5","0","4","14","15","12","32","1","1","0",".235",".305",".373",".678",".298","-0.7","-0.2","0.2","14523"
"Travis Shaw","MIL","19","79","68","15","3","0","3","9","10","9","21","1","0","0",".220",".315",".408",".723",".316","-0.1","-0.2","0.2","11982"
"Tim Locastro","NYY","25","107","94","22","5","1","2","13","9","6","21","5","4","1",".238",".319",".357",".676",".302","-0.5","0.4","0.2","15124"
"Miguel Andujar","NYY","31","132","124","33","6","1","5","15","17","6","23","1","1","0",".265",".304",".442",".746",".320","-1.2","-0.1","0.2","15878"
"Oscar Mercado","CLE","39","165","150","36","7","1","4","19","16","11","37","2","7","2",".242",".299",".375",".674",".295","0.5","0.3","0.2","16375"
"Stephen Piscotty","OAK","34","142","128","30","6","0","5","15","17","11","34","2","1","0",".233",".300",".395",".695",".304","-0.3","0.0","0.2","13367"
"Kevin Plawecki","BOS","17","73","65","17","4","0","2","8","8","6","14","1","0","0",".255",".325",".393",".718",".315","-0.5","-0.2","0.2","13807"
"Elias Diaz","COL","37","157","143","37","7","0","4","16","17","12","27","1","0","0",".257",".314",".390",".704",".308","-0.3","-0.2","0.2","11680"
"Jahmai Jones","BAL","34","142","128","30","5","1","3","14","13","11","28","1","3","1",".236",".301",".356",".657",".290","0.0","-0.1","0.2","18872"
"Rougned Odor","NYY","20","85","77","16","3","0","5","11","13","6","25","1","1","1",".214",".280",".439",".719",".308","-0.3","-0.1","0.2","12282"
"D.J. Stewart","BAL","35","145","125","28","5","0","5","17","18","17","39","2","1","1",".222",".320",".402",".722",".317","-1.0","-0.1","0.2","17766"
"Bobby Dalbec","BOS","55","230","205","45","8","1","11","27","30","19","83","4","1","1",".221",".296",".433",".728",".314","0.5","-0.4","0.2","19966"
"Tom Murphy","SEA","20","86","78","16","3","0","3","9","10","6","30","1","0","0",".210",".272",".394",".665",".288","0.0","-0.1","0.2","13499"
"Brett Phillips","TBR","20","84","72","14","2","1","2","10","8","10","31","1","4","1",".191",".291",".341",".632",".281","1.1","0.3","0.2","14735"
"Orlando Arcia","ATL","45","189","173","44","8","1","5","19","21","13","36","1","3","1",".255",".309",".390",".699",".303","0.5","0.0","0.2","13185"
"Darin Ruf","SFG","20","82","72","18","4","0","3","10","11","8","21","1","1","0",".247",".332",".430",".762",".330","-0.1","-0.1","0.2","9929"
"Rowdy Tellez","MIL","24","100","90","22","4","0","5","12","14","8","24","1","0","0",".247",".315",".457",".773",".331","0.1","-0.2","0.2","15679"
"Mike Tauchman","SFG","23","98","86","20","5","1","2","11","10","11","24","1","2","1",".235",".322",".369",".691",".304","0.6","0.0","0.2","15274"
"Isaac Paredes","DET","15","61","55","14","3","0","1","6","6","5","10","1","0","0",".253",".320",".390",".710",".311","-0.1","-0.1","0.2","20036"
"David Dahl","TEX","47","199","183","45","9","1","6","22","22","12","55","2","2","1",".243",".293",".413",".706",".305","-0.4","-0.1","0.2","13744"
"Willie Calhoun","TEX","27","115","104","27","5","1","4","13","14","9","17","1","0","0",".257",".318",".434",".752",".325","-0.2","-0.3","0.2","17838"
"Shogo Akiyama","CIN","27","112","100","26","5","1","2","12","11","10","21","1","2","1",".259",".333",".390",".723",".318","-0.2","-0.2","0.2","27461"
"Aledmys Diaz","HOU","12","52","48","12","3","0","2","6","7","3","8","1","0","0",".259",".313",".433",".746",".321","-0.2","-0.1","0.2","15937"
"Carter Kieboom","WSN","15","63","55","13","2","0","1","7","7","7","15","1","0","0",".243",".336",".372",".709",".315","0.0","-0.1","0.2","19958"
"Luis Torrens","SEA","21","90","81","19","4","0","3","9","9","7","19","1","0","0",".238",".300",".388",".689",".300","-0.2","-0.1","0.2","15905"
"Gavin Sheets","CHW","44","186","167","40","7","0","6","20","22","16","41","1","1","0",".237",".306",".381",".687",".302","0.2","-0.2","0.2","19901"
"Santiago Espinal","TOR","20","84","78","20","4","0","1","9","8","5","15","0","1","1",".256",".304",".356",".660",".291","0.7","-0.1","0.2","19997"
"Ryan Braun","","30","126","114","28","6","0","5","15","16","9","27","2","2","1",".248",".308",".430",".738",".319","-0.2","-0.2","0.2","3410"
"Mauricio Dubon","SFG","18","76","70","18","3","0","2","8","8","4","14","1","1","1",".256",".301",".381",".682",".296","0.1","-0.1","0.2","16530"
"Austin Wynns","BAL","24","101","92","21","3","0","2","10","10","7","22","1","0","0",".232",".288",".346",".634",".280","0.3","-0.1","0.2","15271"
"Kevin Pillar","NYM","31","131","123","29","6","1","4","14","15","6","25","2","2","1",".238",".279",".392",".671",".289","0.4","0.2","0.2","12434"
"Josh Harrison","WSN","55","233","211","54","10","0","5","24","25","14","40","6","4","2",".255",".318",".371",".689",".305","-1.0","-0.3","0.2","8202"
"Akil Baddoo","DET","55","230","204","46","9","3","5","26","22","22","63","1","9","4",".227",".305",".378",".683",".299","-1.9","0.2","0.2","22168"
"Yonathan Daza","COL","27","114","105","30","6","1","1","12","11","6","19","1","2","1",".289",".330",".399",".729",".318","0.4","-0.2","0.2","15794"
"Dom Nunez","COL","27","112","97","20","4","1","4","12","12","13","34","1","1","0",".203",".299",".372",".671",".292","0.1","0.0","0.2","15055"
"Phillip Evans","PIT","40","168","149","37","7","0","4","18","17","15","33","2","1","1",".245",".322",".381",".703",".311","-0.2","-0.3","0.2","12950"
"Jarred Kelenic","SEA","46","193","175","39","7","1","7","22","22","15","53","2","5","2",".220",".286",".398",".684",".297","-1.5","0.0","0.2","22558"
"Zack Collins","CHW","29","122","103","21","5","0","4","14","14","17","41","1","1","0",".205",".318",".367",".684",".305","-1.0","-0.1","0.2","19181"
"Hanser Alberto","KCR","15","63","60","17","3","0","1","7","6","2","7","1","1","0",".283",".307",".396",".703",".305","-0.1","0.0","0.2","11902"
"Corey Dickerson","TOR","35","149","138","36","8","1","4","18","17","9","29","1","1","1",".265",".314",".427",".741",".319","0.1","-0.3","0.2","10762"
"Cam Gallagher","KCR","10","40","36","9","2","0","1","4","3","3","7","0","0","0",".241",".300",".353",".653",".288","0.1","-0.1","0.2","12981"
"Jace Peterson","MIL","13","54","46","11","2","0","1","6","6","7","12","0","1","0",".234",".339",".374",".713",".318","-0.3","0.1","0.2","12325"
"Nomar Mazara","DET","49","206","187","46","9","1","6","21","25","15","49","2","1","0",".245",".306",".407",".714",".310","-0.2","-0.3","0.2","14553"
"Tres Barrera","WSN","12","49","45","10","2","0","1","5","5","3","11","1","0","0",".234",".293",".370",".663",".291","0.2","-0.1","0.2","19977"
"LaMonte Wade Jr.","SFG","23","95","82","20","3","1","2","11","8","11","18","1","1","1",".241",".336",".375",".711",".316","-0.1","-0.1","0.1","18126"
"Yusniel Diaz","BAL","16","66","59","14","3","0","2","7","7","6","14","1","1","1",".245",".320",".399",".719",".315","0.0","-0.1","0.1","sa912848"
"Aramis Garcia","OAK","19","80","74","15","3","0","2","8","8","4","26","1","0","0",".205",".254",".343",".597",".261","0.1","-0.1","0.1","16925"
"Robert Witt Jr.","KCR","10","44","40","10","2","0","1","5","5","3","10","1","1","1",".251",".302",".419",".721",".312","0.0","0.0","0.1","sa3011225"
"Keston Hiura","MIL","43","181","162","38","8","1","7","21","23","13","57","5","3","1",".232",".306",".423",".728",".315","-0.8","-0.1","0.1","20003"
"Matt Beaty","LAD","21","89","80","21","4","0","2","11","12","6","15","2","1","0",".257",".320",".404",".724",".316","-0.2","-0.1","0.1","17710"
"Nick Gordon","MIN","16","66","61","15","3","1","1","7","6","4","15","1","2","1",".252",".299",".370",".669",".293","0.1","0.1","0.1","16337"
"Mike Brosseau","TBR","10","44","39","9","2","0","1","5","5","3","12","1","1","0",".236",".303",".396",".699",".305","0.1","-0.1","0.1","19683"
"Leody Taveras","TEX","22","93","84","19","3","1","2","10","7","7","25","0","4","1",".230",".293",".347",".640",".282","0.2","0.2","0.1","18900"
"Garrett Hampson","COL","42","178","162","41","7","2","4","21","15","13","44","1","8","2",".252",".308",".391",".699",".304","0.5","0.7","0.1","19262"
"Jesus Sanchez","MIA","51","214","196","46","8","1","6","21","24","15","53","2","2","1",".234",".292",".379",".671",".292","0.5","-0.4","0.1","19913"
"Jake Burger","CHW","14","57","51","13","2","0","1","6","6","4","12","1","0","0",".252",".316",".395",".710",".311","-0.1","-0.1","0.1","22275"
"Stephen Vogt","ARI","19","78","70","15","4","0","2","8","9","7","18","0","0","0",".220",".293",".387",".680",".296","-0.8","-0.2","0.1","5000"
"Willians Astudillo","MIN","9","36","35","10","2","0","1","4","5","1","2","1","0","0",".278",".308",".442",".750",".323","-0.1","-0.1","0.1","15608"
"Ender Inciarte","ATL","26","110","99","24","4","1","2","12","10","9","19","1","3","1",".245",".312",".352",".663",".293","0.3","0.2","0.1","4922"
"Asdrubal Cabrera","ARI","17","70","62","15","3","0","2","8","9","7","14","0","0","0",".247",".322",".413",".735",".320","-0.3","-0.2","0.1","4962"
"Robinson Chirinos","CHC","12","51","44","9","2","0","2","5","6","5","15","1","0","0",".205",".304",".359",".663",".296","0.0","-0.2","0.1","3142"
"Kurt Suzuki","LAA","25","104","93","23","4","0","3","11","13","7","17","3","0","0",".243",".312",".384",".696",".306","-1.5","-0.3","0.1","8259"
"Andrew Knizner","STL","17","71","65","16","3","0","1","7","7","5","13","1","0","0",".242",".303",".359",".662",".291","0.2","-0.1","0.1","19514"
"Yermin Mercedes","CHW","21","88","80","20","3","0","3","10","11","7","18","1","0","0",".255",".315",".414",".728",".316","0.0","-0.1","0.1","17423"
"Cristian Pache","ATL","40","167","154","35","8","2","4","16","18","10","44","1","2","2",".230",".279",".379",".658",".285","0.7","-0.5","0.1","19948"
"Brett Cumberland","BAL","7","29","25","6","1","0","1","3","3","3","8","0","0","0",".220",".307",".368",".674",".298","0.0","0.0","0.1","sa915611"
"Andrew Waters","ATL","31","129","118","30","7","1","3","13","13","8","35","1","2","1",".255",".307",".391",".698",".304","0.0","-0.1","0.1","sa3004378"
"Mitch Moreland","OAK","37","154","138","32","6","0","6","18","20","14","37","1","0","0",".230",".302",".416",".718",".310","0.0","-0.5","0.1","3086"
"Adley Rutschman","BAL","4","17","15","4","1","0","1","2","2","2","3","0","0","0",".246",".330",".419",".748",".326","0.0","0.0","0.1","sa3011643"
"Ryan Zimmerman","WSN","19","79","72","18","4","0","3","9","12","6","18","0","0","0",".252",".308",".453",".761",".327","-0.1","0.0","0.1","4220"
"Aristides Aquino","CIN","17","72","65","15","3","0","4","9","11","6","22","1","1","1",".226",".293",".460",".754",".321","-0.1","-0.1","0.1","15482"
"Joey Bart","SFG","8","35","32","8","1","0","1","4","4","2","10","1","0","0",".238",".286",".385",".671",".292","-0.1","-0.1","0.1","21524"
"David Bote","CHC","10","40","36","8","2","0","1","4","5","4","11","1","0","0",".229",".314",".395",".708",".310","0.0","0.0","0.1","14593"
"Robel Garcia","HOU","21","89","80","16","3","0","3","10","12","7","32","1","1","1",".203",".276",".373",".649",".283","0.3","-0.2","0.1","13167"
"Colin Moran","PIT","46","193","174","45","9","0","6","20","24","15","46","2","0","0",".256",".320",".414",".734",".318","-1.3","-0.7","0.1","16909"
"Austin Allen","OAK","5","22","20","5","1","0","1","2","3","1","6","0","0","0",".234",".287",".412",".699",".300","-0.1","0.0","0.1","18083"
"Zach McKinstry","LAD","31","132","119","28","5","1","4","14","16","10","34","1","1","1",".235",".296",".391",".687",".299","-0.6","-0.3","0.1","19392"
"Kyle Farmer","CIN","28","118","107","25","5","0","3","11","12","6","25","3","1","1",".234",".292",".360",".652",".286","-0.1","-0.2","0.1","14813"
"Jake Bauers","SEA","34","141","124","27","6","0","4","15","14","15","37","1","2","1",".220",".308",".360",".669",".297","0.2","-0.1","0.1","15194"
"Andy Ibanez","TEX","39","162","147","36","7","0","4","16","17","11","31","1","2","1",".247",".304",".378",".683",".299","-0.1","-0.2","0.1","18819"
"Luis Rengifo","LAA","25","107","95","22","4","1","2","12","9","10","22","1","2","1",".227",".305",".349",".653",".290","-0.3","-0.2","0.1","19858"
"Seth Brown","OAK","32","133","121","26","5","1","5","14","16","10","40","1","1","0",".216",".277",".391",".668",".288","0.5","-0.1","0.1","18171"
"Kevan Smith","ATL","13","55","50","13","3","0","1","5","6","4","11","1","0","0",".252",".314",".361",".675",".298","-0.5","-0.1","0.1","12284"
"Billy Hamilton","CHW","18","76","69","15","2","1","1","9","5","6","19","0","5","1",".219",".278",".311",".589",".262","0.7","0.5","0.1","10199"
"Jonathan Lucroy","ATL","10","43","39","10","2","0","1","4","5","3","7","0","0","0",".247",".313",".367",".680",".299","-0.2","-0.1","0.1","7870"
"Rylan Bannon","BAL","8","35","31","7","1","0","1","4","3","3","7","0","0","0",".236",".309",".376",".685",".301","0.0","0.0","0.1","sa3004162"
"Nolan Jones","CLE","10","42","36","9","2","0","1","5","5","5","12","0","0","0",".238",".331",".397",".728",".321","0.0","0.0","0.1","sa917941"
"Jarrod Dyson","KCR","18","76","68","16","2","1","1","9","6","6","14","1","5","1",".230",".298",".316",".614",".274","0.6","0.6","0.1","4866"
"Wilson Ramos","CLE","8","33","30","8","1","0","1","3","4","2","6","0","0","0",".261",".314",".414",".728",".316","-0.2","-0.2","0.1","1433"
"Matt Duffy","CHC","7","31","28","7","1","0","0","3","3","3","5","1","1","0",".268",".340",".367",".707",".314","-0.1","0.0","0.1","13836"
"Jedd Gyorko","","17","70","61","14","2","0","3","8","9","7","17","1","0","0",".235",".320",".423",".743",".323","0.0","-0.2","0.1","10816"
"Guillermo Heredia","ATL","36","151","134","32","8","0","3","17","15","13","33","3","1","1",".241",".319",".372",".691",".305","-1.0","-0.1","0.1","18721"
"Edmundo Sosa","STL","22","93","86","21","4","1","2","9","9","4","19","2","1","1",".246",".293",".361",".655",".286","0.3","-0.1","0.1","17022"
"Alex Jackson","ATL","15","64","58","11","2","0","3","7","8","4","24","2","0","0",".196",".265",".382",".647",".279","-0.2","0.0","0.1","17276"
"Zack Cozart","","10","42","37","8","2","0","1","4","4","4","8","1","0","0",".224",".305",".361",".666",".295","-0.1","-0.1","0.1","2616"
"Franchy Cordero","BOS","18","74","67","15","4","1","2","9","9","5","23","0","1","0",".230",".289",".408",".697",".302","0.2","0.1","0.1","14567"
"Abraham Almonte","ATL","23","95","81","19","5","1","2","11","10","12","21","0","2","1",".228",".329",".391",".721",".318","-0.9","-0.1","0.1","5486"
"Charlie Culberson","TEX","15","65","60","14","3","0","1","6","6","4","18","1","1","0",".232",".284",".361",".645",".281","0.1","0.0","0.1","3298"
"Keibert Ruiz","LAD","4","17","15","4","1","0","1","2","2","1","2","0","0","0",".253",".304",".394",".698",".304","0.0","0.0","0.1","19610"
"Phil Gosselin","LAA","27","114","103","25","5","0","2","11","12","9","28","1","0","0",".245",".308",".359",".667",".294","-0.3","-0.2","0.1","10953"
"Jakson Reetz","WSN","5","23","20","4","1","0","1","2","2","2","6","0","0","0",".216",".298",".359",".656",".291","0.1","0.0","0.1","17837"
"Luis Campusano","SDP","4","16","15","4","1","0","0","2","2","1","3","0","0","0",".247",".311",".383",".693",".304","-0.1","0.0","0.1","22217"
"Emmanuel Rivera","KCR","20","85","79","20","4","0","2","8","8","4","14","1","1","0",".246",".289",".365",".655",".286","-0.1","-0.1","0.1","19890"
"Luis Garcia","WSN","20","85","80","21","4","1","1","9","8","3","16","0","1","1",".262",".293",".372",".665",".290","-0.1","-0.1","0.1","20391"
"Ronald Torreyes","PHI","14","58","54","14","3","0","1","6","6","2","8","0","0","0",".254",".286",".365",".651",".284","0.0","0.0","0.1","11400"
"Thairo Estrada","SFG","14","57","53","13","2","0","1","6","6","3","13","1","1","0",".239",".286",".355",".641",".281","0.0","0.0","0.1","16426"
"Victor Reyes","DET","11","46","43","11","2","0","1","5","4","2","10","0","1","0",".259",".293",".379",".673",".292","0.2","0.0","0.1","15487"
"Webster Rivas","SDP","6","25","22","5","1","0","0","2","2","2","5","0","0","0",".232",".300",".348",".648",".286","0.1","0.0","0.1","14636"
"Tim Beckham","CHW","9","38","34","8","2","0","1","4","4","3","11","0","0","0",".232",".292",".386",".678",".296","-0.2","-0.1","0.1","7949"
"Jose Peraza","NYM","9","38","36","9","2","0","1","4","4","2","6","1","1","0",".244",".290",".361",".651",".285","0.0","0.0","0.1","13593"
"Billy McKinney","NYM","12","51","46","10","2","0","2","6","6","4","14","0","0","0",".222",".292",".411",".704",".304","0.2","-0.1","0.1","15654"
"Jake Lamb","CHW","7","28","24","5","1","0","1","3","4","3","8","0","0","0",".212",".315",".397",".712",".312","-0.2","0.0","0.1","13329"
"Danny Santana","BOS","23","98","91","21","5","1","3","12","12","6","28","1","3","1",".231",".281",".414",".695",".299","-0.1","0.1","0.1","10322"
"Taylor Trammell","SEA","52","218","192","38","6","1","6","22","19","22","70","2","6","3",".198",".286",".327",".612",".274","0.7","-0.3","0.1","19960"
"Tyrone Taylor","MIL","15","64","58","13","3","0","2","7","8","4","15","1","1","0",".232",".290",".409",".699",".303","0.2","0.0","0.1","13675"
"Jacob Wilson","OAK","6","24","22","5","1","0","1","3","3","2","5","0","0","0",".230",".303",".378",".680",".299","0.0","0.0","0.1","13254"
"Donovan Walton","SEA","7","28","25","6","1","0","0","3","2","2","5","0","0","0",".233",".301",".347",".647",".287","0.0","-0.1","0.1","19314"
"Harold Castro","DET","28","117","109","29","4","1","1","11","10","5","25","0","1","1",".266",".300",".345",".645",".284","-0.3","-0.2","0.0","14691"
"Rafael Ortega","CHC","19","81","73","18","4","1","2","8","8","7","16","0","2","1",".243",".309",".376",".685",".300","-0.3","0.0","0.0","10323"
"Andrew Knapp","PHI","15","61","53","11","2","0","1","6","6","7","19","1","0","0",".211",".312",".328",".640",".288","-0.7","0.0","0.0","14942"
"Johan Camargo","ATL","10","44","40","10","2","0","1","5","5","3","10","0","0","0",".241",".300",".401",".700",".303","0.0","0.0","0.0","14950"
"Luke Williams","PHI","22","93","84","19","4","0","2","10","9","7","23","1","3","1",".223",".287",".351",".638",".281","0.1","0.0","0.0","19931"
"Andy Young","ARI","6","24","21","5","1","0","1","3","3","2","7","1","0","0",".229",".309",".424",".733",".319","0.0","0.0","0.0","19521"
"Josh VanMeter","ARI","19","79","69","16","4","1","2","9","8","8","20","1","1","1",".225",".309",".381",".689",".303","-0.4","0.0","0.0","15170"
"John Hicks","TEX","10","44","41","9","2","0","2","4","5","2","13","0","0","0",".227",".268",".391",".659",".285","-0.1","-0.1","0.0","12547"
"Adam Haseley","PHI","15","61","55","14","3","0","1","6","6","4","13","1","1","0",".247",".308",".370",".679",".297","0.0","0.0","0.0","19878"
"Ryan O'Hearn","KCR","40","167","148","33","7","1","6","18","21","16","46","1","0","0",".223",".303",".402",".705",".306","0.1","-0.2","0.0","16442"
"William Contreras","ATL","12","52","48","11","2","0","2","5","6","3","14","0","0","0",".230",".286",".378",".664",".289","-0.1","-0.1","0.0","20503"
"Seby Zavala","CHW","8","35","32","6","1","0","1","4","4","2","13","0","0","0",".201",".258",".355",".613",".268","-0.1","0.0","0.0","18887"
"Yoshi Tsutsugo","LAD","4","15","13","3","1","0","1","2","2","2","4","0","0","0",".231",".322",".427",".748",".324","0.0","0.0","0.0","27459"
"Pablo Reyes","MIL","8","33","30","7","1","0","1","4","4","2","7","0","1","0",".235",".294",".375",".669",".293","0.1","0.0","0.0","16357"
"Garrett Stubbs","HOU","3","11","10","2","0","0","0","1","1","1","2","0","0","0",".225",".294",".335",".629",".280","0.1","0.0","0.0","18067"
"Colton Welker","COL","4","15","14","4","1","0","0","2","2","1","3","0","0","0",".273",".325",".431",".756",".326","0.0","0.0","0.0","sa917962"
"Rob Refsnyder","MIN","10","41","37","9","2","0","1","4","4","3","11","0","0","0",".241",".308",".361",".669",".295","-0.1","0.0","0.0","13770"
"Gregory Polanco","PIT","48","202","180","38","8","1","8","21","24","19","59","1","5","1",".212",".290",".393",".683",".296","-0.6","0.2","0.0","12907"
"Daniel Johnson Jr.","CLE","16","68","62","15","3","0","2","7","7","4","18","1","1","1",".234",".291",".388",".679",".294","0.3","-0.1","0.0","19643"
"Chadwick Tromp","SFG","3","12","11","2","0","0","0","1","1","1","3","0","0","0",".228",".283",".372",".655",".286","0.0","0.0","0.0","16953"
"Eric Sogard","CHC","7","31","28","7","1","0","0","3","3","3","5","0","0","0",".244",".312",".338",".650",".288","0.0","0.0","0.0","7927"
"Kevin Smith","TOR","8","32","30","7","1","0","1","4","4","2","9","0","1","0",".224",".273",".383",".656",".284","0.0","0.0","0.0","sa915864"
"Yadiel Hernandez","WSN","14","57","51","13","2","0","2","7","7","5","15","0","1","0",".247",".314",".409",".723",".313","0.0","-0.1","0.0","19334"
"Brandon Marsh","LAA","9","38","34","8","1","0","1","4","4","3","10","0","1","0",".238",".308",".359",".668",".294","0.0","0.0","0.0","sa917944"
"Anthony Bemboom","LAA","4","17","15","3","0","0","0","2","1","1","5","0","0","0",".199",".273",".314",".587",".261","0.1","-0.1","0.0","13854"
"Mike Ford","TBR","3","12","11","2","0","0","1","1","2","1","3","0","0","0",".226",".318",".423",".741",".321","0.0","0.0","0.0","15585"
"Vimael Machin","OAK","4","15","13","3","1","0","0","2","1","2","3","0","0","0",".234",".315",".331",".646",".287","0.0","0.0","0.0","17684"
"Ehire Adrianza","ATL","37","155","137","33","7","1","3","18","16","14","31","2","1","1",".244",".317",".374",".691",".304","-0.9","-0.1","0.0","8418"
"Sandy Leon","MIA","22","92","83","16","3","0","2","7","7","7","24","1","0","0",".191",".260",".294",".554",".248","0.3","-0.2","0.0","5273"
"Heliot Ramos","SFG","4","16","14","3","1","0","0","2","2","1","4","0","0","0",".235",".296",".373",".669",".293","0.0","0.0","0.0","sa3004693"
"Josh Reddick","ARI","19","79","72","19","4","0","2","8","8","6","13","0","1","0",".261",".316",".389",".705",".308","-0.1","-0.1","0.0","3892"
"Isan Diaz","MIA","14","60","52","11","2","0","2","6","6","6","16","0","1","0",".215",".304",".352",".656",".289","-0.2","-0.1","0.0","17922"
"Juan Lagares","LAA","14","60","55","13","3","0","1","7","6","3","13","1","1","0",".239",".285",".355",".640",".279","0.1","0.0","0.0","5384"
"Kelvin Gutierrez","BAL","8","32","29","7","1","0","1","3","3","2","8","0","1","0",".234",".291",".349",".641",".282","-0.1","0.0","0.0","17468"
"Tyler Wade","NYY","5","22","20","4","1","0","0","3","2","2","6","0","1","0",".223",".294",".330",".624",".277","0.0","0.0","0.0","15730"
"Anderson Tejeda","TEX","5","22","20","4","1","0","1","2","2","1","7","0","1","0",".219",".265",".373",".638",".276","0.1","0.0","0.0","19909"
"Austin Romine","CHC","4","17","16","4","1","0","0","2","2","1","5","0","0","0",".237",".276",".363",".639",".279","0.0","0.0","0.0","5491"
"Michael Chavis","BOS","7","28","25","6","1","0","1","3","3","2","9","0","0","0",".228",".285",".412",".697",".301","-0.2","0.0","0.0","17321"
"Drew Ellis","ARI","4","18","16","4","1","0","1","2","2","2","4","0","0","0",".221",".297",".368",".665",".293","0.0","0.0","0.0","sa3004687"
"Jose Rojas","LAA","5","19","17","4","1","0","1","2","2","1","5","0","0","0",".228",".280",".398",".677",".293","0.0","0.0","0.0","19331"
"Ernie Clement","CLE","14","58","54","14","3","0","0","6","4","3","6","1","1","1",".252",".297",".330",".627",".278","0.3","-0.1","0.0","20352"
"Patrick Mazeika","NYM","2","9","8","2","0","0","0","1","1","1","2","0","0","0",".220",".289",".353",".641",".284","-0.1","0.0","0.0","18142"
"Connor Wong","BOS","3","11","10","2","0","0","0","1","1","1","4","0","0","0",".221",".276",".379",".655",".285","0.0","0.0","0.0","19896"
"Deivy Grullon","TBR","1","6","5","1","0","0","0","1","1","0","2","0","0","0",".221",".281",".384",".665",".290","0.0","0.0","0.0","15988"
"Chris Owings","COL","12","49","45","11","2","0","1","6","5","4","14","0","1","1",".241",".299",".403",".703",".303","-0.1","0.0","0.0","10030"
"Bryan Holaday","ARI","4","17","15","3","1","0","0","1","2","1","3","0","0","0",".222",".286",".336",".622",".274","0.1","0.0","0.0","11287"
"Jonathan Davis","TOR","4","16","14","3","1","0","0","2","2","1","4","0","0","0",".213",".302",".341",".643",".287","0.0","0.0","0.0","15104"
"Jacob Meyers","HOU","7","31","28","6","1","0","1","3","3","2","7","0","1","0",".220",".281",".334",".615",".272","0.0","0.0","0.0","sa3004621"
"Cole Tucker","PIT","22","93","84","19","4","1","1","10","8","7","21","1","2","1",".228",".290",".340",".630",".278","0.0","0.0","0.0","17326"
"Owen Miller","CLE","10","42","39","9","2","0","1","4","4","3","9","0","0","0",".245",".298",".349",".647",".285","0.0","-0.1","0.0","24655"
"Jason Vosler","SFG","2","9","8","2","0","0","0","1","1","1","3","0","0","0",".222",".294",".379",".673",".294","0.0","0.0","0.0","16686"
"Daniel Robertson","MIL","2","9","8","2","0","0","0","1","1","1","2","0","0","0",".224",".330",".334",".663",".300","0.0","0.0","0.0","14145"
"Jason Martin","TEX","7","28","25","6","1","0","1","3","3","2","7","0","1","0",".231",".292",".376",".668",".291","0.0","0.0","0.0","16429"
"Jaylin Davis","SFG","8","32","29","7","1","0","1","3","3","2","10","0","0","0",".231",".292",".391",".682",".297","0.1","0.0","0.0","19552"
"Rodolfo Castro","PIT","6","25","23","5","1","0","1","3","3","1","7","0","0","0",".229",".275",".388",".663",".286","0.0","0.0","0.0","21987"
"Jose Godoy","SEA","2","8","8","2","0","0","0","1","1","1","2","0","0","0",".223",".286",".321",".607",".271","0.0","0.0","0.0","15808"
"Ryan McKenna","BAL","5","22","20","5","1","0","0","2","2","2","6","0","1","0",".230",".306",".354",".661",".292","0.0","0.0","0.0","19928"
"Matt Vierling","PHI","2","10","9","2","0","0","0","1","1","1","2","0","0","0",".246",".303",".399",".702",".305","0.1","0.0","0.0","21558"
"Rob Brantly","NYY","1","6","5","1","0","0","0","1","1","0","1","0","0","0",".231",".294",".359",".653",".286","0.0","0.0","0.0","10655"
"Edwin Encarnacion","","33","140","121","26","4","0","6","16","18","15","36","2","0","0",".214",".310",".407",".718",".314","0.0","-0.6","0.0","2151"
"Grayson Greiner","DET","10","42","38","8","1","0","1","4","4","3","13","0","0","0",".202",".267",".338",".605",".267","0.0","0.0","0.0","17062"
"Jeter Downs","BOS","1","6","6","1","0","0","0","1","1","0","1","0","0","0",".244",".307",".393",".700",".306","0.0","0.0","0.0","sa3004615"
"Andy Burns","LAD","1","6","5","1","0","0","0","1","1","1","1","0","0","0",".236",".309",".376",".685",".302","0.0","0.0","0.0","12779"
"Curtis Terry","TEX","7","31","28","7","1","0","1","3","4","2","8","0","0","0",".243",".299",".420",".719",".311","0.0","0.0","0.0","sa875607"
"Skye Bolt","OAK","11","48","44","9","2","0","1","5","5","4","15","0","1","0",".199",".263",".336",".598",".263","0.5","0.0","0.0","17723"
"Chance Sisco","NYM","5","20","18","4","1","0","1","2","2","2","6","1","0","0",".213",".313",".347",".660",".297","-0.1","0.0","0.0","15694"
"Renato Nunez","DET","1","6","6","1","0","0","0","1","1","0","2","0","0","0",".241",".306",".445",".751",".324","0.0","0.0","0.0","14503"
"Taylor Jones","HOU","4","15","14","3","1","0","0","2","2","1","4","0","0","0",".223",".297",".370",".668",".294","0.0","0.0","0.0","19533"
"Sheldon Neuse","LAD","1","6","6","1","0","0","0","1","1","0","2","0","0","0",".238",".286",".381",".668",".290","0.0","0.0","0.0","19635"
"Tyler Nevin","BAL","3","13","11","3","1","0","0","1","1","1","3","0","0","0",".241",".312",".388",".700",".307","0.0","0.0","0.0","17893"
"Kean Wong","LAA","3","13","12","3","0","0","0","1","1","1","3","0","0","0",".241",".293",".350",".643",".282","0.0","0.0","0.0","15994"
"Andrew Susac","PIT","2","9","7","1","0","0","0","1","1","1","3","0","0","0",".192",".291",".315",".606",".273","0.0","0.0","0.0","13132"
"Chad Wallach","MIA","5","23","21","4","1","0","0","2","2","2","8","0","0","0",".197",".263",".305",".568",".253","-0.1","0.0","0.0","17161"
"Lars Nootbaar","STL","17","72","65","15","2","1","2","7","7","6","13","0","1","1",".238",".300",".361",".660",".290","0.4","-0.2","0.0","21454"
"Jordy Mercer","WSN","6","25","23","6","1","0","0","2","2","2","5","0","0","0",".242",".299",".362",".661",".288","-0.1","0.0","0.0","6547"
"Wyatt Mathisen","SEA","1","3","3","1","0","0","0","0","0","0","1","0","0","0",".213",".309",".377",".686",".304","0.0","0.0","0.0","14555"
"Lucius Fox","KCR","3","13","11","3","0","0","0","1","1","1","3","0","0","0",".227",".298",".315",".614",".275","0.0","0.0","0.0","sa914200"
"Sergio Alcantara","CHC","12","50","45","10","1","1","1","5","4","4","11","0","1","0",".224",".292",".321",".613",".273","0.1","-0.1","0.0","16417"
"Sean Rodriguez","","5","21","18","4","1","0","1","2","2","2","7","0","0","0",".204",".291",".352",".643",".285","-0.1","0.0","0.0","6589"
"Ali Sanchez","STL","1","6","5","1","0","0","0","0","0","0","1","0","0","0",".228",".280",".318",".598",".264","0.0","0.0","0.0","18551"
"Riley Adams","TOR","1","6","5","1","0","0","0","1","1","0","2","0","0","0",".208",".285",".336",".621",".277","0.0","0.0","0.0","19864"
"Tucupita Marcano","SDP","1","6","5","1","0","0","0","1","1","0","1","0","0","0",".252",".306",".345",".651",".288","0.0","0.0","0.0","22871"
"Jake Cave","MIN","1","6","6","1","0","0","0","1","1","0","2","0","0","0",".236",".299",".402",".700",".304","0.0","0.0","0.0","14477"
"Max Schrock","CIN","1","6","6","1","0","0","0","1","1","0","1","0","0","0",".246",".302",".363",".664",".292","0.0","0.0","0.0","17750"
"Derek Fisher","MIL","1","3","3","1","0","0","0","0","0","0","1","0","0","0",".221",".314",".419",".733",".319","0.0","0.0","0.0","16192"
"Luke Maile","MIL","3","14","13","2","1","0","0","1","1","1","4","0","0","0",".198",".263",".302",".565",".252","0.1","0.0","0.0","13355"
"Alex De Goti","","1","3","3","1","0","0","0","0","0","0","1","0","0","0",".233",".292",".355",".647",".285","0.0","0.0","0.0","19477"
"Nick Martini","CHC","1","6","5","1","0","0","0","1","1","1","1","0","0","0",".247",".334",".353",".687",".307","0.0","0.0","0.0","12005"
"Chris Gittens","NYY","4","16","14","3","0","0","1","2","2","2","6","0","0","0",".204",".297",".389",".686",".301","0.0","0.0","0.0","18482"
"Austin Dean","STL","1","3","3","1","0","0","0","0","0","0","1","0","0","0",".257",".317",".426",".743",".322","0.0","0.0","0.0","18288"
"Nick Maton","PHI","2","10","9","2","0","0","0","1","1","1","3","0","0","0",".225",".292",".344",".636",".281","0.0","0.0","0.0","21635"
"Omar Estevez","LAD","1","3","3","1","0","0","0","0","0","0","1","0","0","0",".237",".292",".351",".643",".283","0.0","0.0","0.0","sa914242"
"Zach Reks","LAD","3","12","11","3","0","0","0","1","1","1","4","0","0","0",".230",".301",".384",".686",".300","-0.1","0.0","0.0","19667"
"Beau Taylor","CIN","2","9","7","1","0","0","0","1","1","1","3","0","0","0",".188",".289",".291",".581",".265","0.0","0.0","0.0","12384"
"Chris Herrmann","BOS","1","3","2","0","0","0","0","0","0","0","1","0","0","0",".205",".298",".344",".641",".286","0.0","0.0","0.0","9284"
"Brent Rooker","","2","9","9","2","0","0","0","1","1","1","3","0","0","0",".222",".293",".414",".707",".306","-0.1","0.0","0.0","19627"
"Matt Joyce","PHI","11","48","41","9","2","0","1","6","5","7","12","0","0","0",".220",".329",".367",".696",".309","-0.2","-0.1","0.0","3353"
"Marcus Wilson","BOS","1","3","3","1","0","0","0","0","0","0","1","0","0","0",".226",".294",".371",".666",".292","0.0","0.0","0.0","sa828703"
"Gilberto Celestino","MIN","1","6","6","1","0","0","0","1","1","0","1","0","0","0",".233",".283",".363",".646",".282","0.0","0.0","0.0","20233"
"Jack Mayfield","LAA","1","6","6","1","0","0","0","1","1","0","2","0","0","0",".222",".269",".371",".640",".279","0.0","0.0","0.0","15402"
"Daz Cameron","DET","42","178","160","35","7","2","4","18","17","14","51","2","5","2",".217",".288",".359",".647",".285","-0.7","0.0","0.0","18353"
"DJ Peters","LAD","1","3","3","1","0","0","0","0","0","0","1","0","0","0",".199",".288",".371",".659",".287","0.0","0.0","0.0","19348"
"JaCoby Jones","DET","2","9","8","2","0","0","0","1","1","1","3","0","0","0",".219",".282",".371",".652",".285","0.0","0.0","0.0","14818"
"Ivan Castillo","SDP","1","3","3","1","0","0","0","0","0","0","0","0","0","0",".250",".289",".355",".644",".282","0.0","0.0","0.0","15971"
"Ildemaro Vargas","ARI","1","3","3","1","0","0","0","0","0","0","0","0","0","0",".258",".297",".373",".671",".292","0.0","0.0","0.0","13324"
"Matt Thaiss","LAA","1","3","3","1","0","0","0","0","0","0","1","0","0","0",".227",".305",".385",".690",".303","0.0","0.0","0.0","19318"
"Jose Rondon","STL","5","19","17","4","1","0","1","2","2","1","5","0","0","0",".230",".281",".376",".658",".286","0.0","0.0","0.0","14140"
"Travis Blankenhorn","NYM","1","3","3","1","0","0","0","0","0","0","1","0","0","0",".226",".272",".377",".649",".281","0.0","0.0","0.0","18395"
"Edward Olivares","KCR","12","50","47","11","2","0","1","5","5","2","11","1","1","1",".243",".287",".373",".660",".288","0.0","-0.1","0.0","19698"
"Micker Adolfo","CHW","1","3","3","1","0","0","0","0","0","0","1","0","0","0",".220",".283",".393",".676",".294","0.0","0.0","0.0","sa830303"
"Scott Kingery","PHI","1","3","3","1","0","0","0","0","0","0","1","0","0","0",".219",".274",".368",".642",".279","0.0","0.0","0.0","17975"
"Mark Payton","CIN","1","3","3","1","0","0","0","0","0","0","1","0","0","0",".237",".304",".402",".706",".307","0.0","0.0","0.0","16042"
"Jonathan Arauz","BOS","1","6","6","1","0","0","0","1","1","0","1","0","0","0",".229",".290",".354",".643",".283","0.0","0.0","0.0","20275"
"Alex Blandino","CIN","1","3","3","1","0","0","0","0","0","0","1","0","0","0",".204",".315",".314",".630",".288","0.0","0.0","0.0","16271"
"Sam Haggerty","SEA","6","25","22","5","1","0","0","3","2","2","7","0","1","0",".210",".292",".317",".610",".273","-0.2","0.1","0.0","18054"
"Ryan McBroom","KCR","3","13","11","3","1","0","0","1","1","1","4","0","0","0",".237",".298",".396",".694",".302","0.0","0.0","0.0","16524"
"Rafael Marchan","PHI","1","6","5","1","0","0","0","1","0","0","1","0","0","0",".231",".285",".310",".595",".265","0.0","0.0","0.0","21646"
"Kyle Garlick","MIN","5","22","20","4","1","0","1","3","3","1","7","0","0","0",".218",".272",".403",".675",".291","0.0","0.0","0.0","18063"
"Braden Bishop","SFG","1","3","3","1","0","0","0","0","0","0","1","0","0","0",".222",".287",".324",".611",".272","0.0","0.0","0.0","17806"
"Jeffrey Bleday","MIA","1","3","3","1","0","0","0","0","0","0","1","0","0","0",".223",".294",".361",".654",".288","0.0","0.0","0.0","sa3011642"
"Jose Briceno","COL","3","11","10","2","0","0","0","1","1","1","3","0","0","0",".220",".271",".365",".637",".278","0.0","0.0","0.0","13151"
"Andrew Stevenson","WSN","16","66","60","15","3","0","1","7","7","5","18","1","1","1",".249",".307",".370",".677",".297","-0.1","0.0","0.0","17932"
"Luis Barrera","OAK","1","6","6","1","0","0","0","1","1","0","1","0","0","0",".235",".279",".349",".629",".274","0.0","0.0","0.0","19615"
"Mike Freeman","CIN","5","19","17","4","1","0","0","2","2","2","5","0","0","0",".225",".300",".312",".612",".274","0.0","0.0","0.0","11241"
"Josh Palacios","TOR","1","6","6","1","0","0","0","1","1","1","2","0","0","0",".229",".298",".343",".641",".284","0.0","0.0","0.0","19818"
"Alan Trejo","COL","1","6","6","1","0","0","0","1","1","0","1","0","0","0",".246",".290",".379",".669",".290","0.0","0.0","0.0","20056"
"Jake Hager","SEA","1","3","3","1","0","0","0","0","0","0","1","0","0","0",".205",".257",".327",".584",".256","0.0","0.0","0.0","12198"
"Meibrys Viloria","KCR","1","6","5","1","0","0","0","1","0","0","1","0","0","0",".227",".290",".327",".617",".275","0.0","0.0","0.0","17109"
"Monte Harrison","MIA","3","13","11","2","0","0","0","1","1","1","5","0","1","0",".205",".270",".335",".605",".268","0.0","0.1","0.0","17216"
"Greg Allen","NYY","1","3","3","1","0","0","0","0","0","0","1","0","0","0",".228",".294",".331",".625",".278","0.0","0.0","0.0","16623"
"Wilmer Difo","PIT","5","19","17","4","1","0","0","2","1","2","4","0","0","0",".237",".302",".336",".638",".281","0.0","0.0","0.0","14320"
"Connor Joe","COL","3","12","11","3","1","0","0","1","1","1","3","0","0","0",".246",".339",".397",".736",".325","0.0","0.0","0.0","16572"
"Marco Hernandez","CHW","3","13","12","3","1","0","0","1","1","1","3","0","0","0",".239",".279",".340",".619",".271","0.0","0.0","0.0","13154"
"Khalil Lee","NYM","1","3","3","1","0","0","0","0","0","0","1","0","0","0",".203",".286",".323",".609",".273","0.0","0.0","0.0","19952"
"Michael Reed","OAK","1","3","3","1","0","0","0","0","0","0","1","0","0","0",".204",".261",".316",".577",".254","0.0","0.0","0.0","sa738683"
"Scott Schebler","LAA","1","3","3","1","0","0","0","0","0","0","1","0","0","0",".213",".284",".369",".653",".286","0.0","0.0","0.0","12225"
"Jose Devers","MIA","3","13","12","3","0","0","0","1","1","1","2","0","0","0",".236",".287",".310",".597",".265","0.0","0.0","0.0","20540"
"Brandon Drury","NYM","1","3","3","1","0","0","0","0","0","0","1","0","0","0",".214",".272",".358",".630",".275","0.0","0.0","0.0","11615"
"Scott Hurst","STL","1","3","3","1","0","0","0","0","0","0","1","0","0","0",".207",".267",".308",".575",".256","0.0","0.0","0.0","20501"
"Nick Heath","ARI","1","3","3","1","0","0","0","0","0","0","1","0","0","0",".200",".278",".288",".566",".255","0.0","0.0","0.0","19577"
"Gregory Deichmann","OAK","1","3","3","1","0","0","0","0","0","0","1","0","0","0",".201",".267",".337",".604",".267","0.0","0.0","0.0","sa3004977"
"Luis Marte","MIA","1","3","3","1","0","0","0","0","0","0","1","0","0","0",".222",".256",".313",".569",".249","0.0","0.0","0.0","14515"
"Ka'ai Tom","PIT","15","65","57","13","3","1","2","7","7","6","17","1","1","0",".218",".301",".373",".674",".295","0.1","-0.1","0.0","18136"
"Johneshwy Fargas","NYM","1","3","3","1","0","0","0","0","0","0","1","0","0","0",".208",".265",".307",".572",".255","0.0","0.0","0.0","16446"
"Alejo Lopez","CIN","21","87","80","21","4","0","1","8","8","5","14","1","1","1",".262",".314",".343",".657",".291","-0.1","-0.1","0.0","21127"
"Rio Ruiz","COL","4","15","14","3","1","0","0","2","2","1","3","0","0","0",".237",".305",".397",".702",".306","0.0","0.0","0.0","14103"
"Lane Thomas","STL","5","22","19","4","1","0","1","2","2","2","6","0","1","0",".214",".290",".358",".647",".285","0.0","0.0","0.0","16939"
"Matt Wieters","","12","51","46","10","2","0","1","5","5","4","13","1","0","0",".208",".283",".346",".630",".278","0.2","-0.2","0.0","4298"
"Richie Martin Jr.","BAL","4","16","14","3","1","0","0","1","1","1","4","0","0","0",".219",".276",".321",".597",".264","-0.1","0.0","0.0","17736"
"Estevan Florial","NYY","10","44","40","9","1","0","1","4","5","3","15","0","1","1",".211",".268",".351",".619",".270","0.1","-0.2","0.0","19151"
"Dillon Thomas","SEA","2","9","8","2","0","0","0","1","1","1","3","0","0","0",".203",".268",".322",".590",".261","0.1","0.0","0.0","12719"
"Brian O'Grady","SDP","7","30","26","6","1","0","1","3","4","3","9","0","1","0",".210",".288",".389",".677",".295","0.0","0.0","0.0","16729"
"Ronnie Dawson","","1","6","6","1","0","0","0","1","1","0","2","0","0","0",".202",".273",".341",".614",".271","0.0","0.0","0.0","19710"
"Travis Jankowski","PHI","11","48","42","10","2","0","0","5","3","5","11","0","2","1",".233",".318",".310",".628",".284","0.0","0.1","0.0","13768"
"Kyle Isbel","KCR","4","16","15","3","1","0","0","2","2","1","4","0","1","0",".231",".278",".362",".640",".279","0.0","0.0","0.0","21614"
"Frank Schwindel","OAK","14","57","54","13","3","0","2","6","7","2","10","1","0","0",".246",".281",".405",".686",".296","0.0","-0.1","0.0","15351"
"Justin Williams","STL","7","31","28","6","1","0","1","3","3","3","9","0","0","0",".230",".301",".374",".675",".292","0.0","0.0","0.0","15490"
"Drew Butera","LAA","1","6","5","1","0","0","0","1","0","0","2","0","0","0",".183",".249",".285",".534",".238","0.0","0.0","0.0","3411"
"Sam Hilliard","COL","35","147","134","30","5","1","6","17","17","11","51","1","4","2",".224",".286",".412",".698",".301","-0.3","0.0","0.0","17954"
"Lewin Diaz","MIA","6","25","24","5","1","0","1","3","3","1","6","0","0","0",".223",".265",".398",".663",".283","0.1","0.0","0.0","18365"
"Albert Pujols","LAD","20","86","80","19","3","0","4","9","13","5","13","1","0","0",".240",".287",".417",".704",".302","-0.3","-0.3","0.0","1177"
"Pablo Sandoval","ATL","10","44","40","9","2","0","2","5","6","3","10","0","0","0",".233",".299",".400",".699",".304","-0.1","-0.1","0.0","5409"
"Albert Almora Jr.","NYM","14","58","53","12","2","0","1","6","5","3","12","0","0","0",".230",".276",".352",".628",".273","-0.1","0.0","0.0","14109"
"Yu-Cheng Chang","CLE","17","71","64","14","3","0","2","8","7","5","20","1","1","0",".214",".280",".355",".635",".279","0.5","0.0","0.0","14773"
"Gerardo Parra","WSN","8","32","29","7","1","0","1","3","3","2","7","0","1","0",".233",".294",".356",".650",".285","0.0","-0.1","0.0","8553"
"Joshua Fuentes","COL","41","172","162","41","9","1","5","18","20","7","44","1","1","0",".255",".289",".404",".692",".298","0.9","0.0","0.0","16885"
"Derek Hill","DET","10","40","36","8","1","0","1","4","3","3","12","0","2","1",".213",".273",".321",".594",".264","-0.1","0.0","0.0","16947"
"Jorge Mateo","SDP","7","30","28","6","1","0","1","3","3","1","9","0","1","0",".215",".258",".348",".606",".263","0.0","0.0","0.0","17273"
"Evan White","SEA","16","67","62","13","2","0","2","7","8","5","21","1","0","0",".209",".270",".362",".632",".276","0.3","-0.1","-0.1","20078"
"Mickey Moniak","PHI","7","29","26","6","1","0","1","3","3","2","8","0","1","0",".225",".281",".363",".644",".280","0.0","0.0","-0.1","19956"
"Miguel Cabrera","DET","55","233","210","53","7","0","7","23","29","20","54","2","0","0",".251",".318",".389",".708",".310","0.0","-1.2","-0.1","1744"
"Jared Oliva","PIT","14","59","53","12","2","0","1","5","5","4","15","1","3","1",".225",".290",".331",".621",".274","0.0","0.1","-0.1","19968"
"Stuart Fairchild","ARI","16","67","60","13","3","0","1","7","6","5","17","1","1","1",".224",".292",".345",".636",".281","0.0","-0.1","-0.1","20321"
"Jo Adell","LAA","41","173","158","35","7","0","5","18","19","12","54","2","2","1",".224",".283",".375",".657",".287","-0.8","-0.1","-0.1","20220"
"Magneuris Sierra","MIA","10","41","38","9","1","0","0","4","3","2","8","0","2","1",".240",".287",".319",".606",".266","0.0","0.1","-0.1","17023"
"Sebastian Rivero","KCR","8","32","29","6","1","0","0","3","2","2","8","0","0","0",".198",".249",".290",".539",".240","-0.1","-0.1","-0.1","21735"
"Alcides Escobar","WSN","41","173","160","38","8","1","2","18","14","9","31","2","2","1",".235",".280",".337",".617",".271","0.3","0.2","-0.1","6310"
"Lewis Brinson","MIA","11","47","43","9","2","0","1","4","5","3","14","1","1","0",".211",".267",".353",".620",".271","0.0","0.0","-0.1","14352"
"Eli White","TEX","32","134","121","26","5","1","2","14","11","9","39","2","3","1",".219",".284",".332",".616",".274","0.1","-0.1","-0.1","19346"
"Matt Adams","COL","15","61","56","13","2","0","3","7","11","4","18","0","0","0",".229",".287",".432",".719",".307","0.2","-0.1","-0.1","9393"
"Erik Gonzalez","PIT","18","75","70","17","3","0","1","7","7","3","17","0","1","1",".240",".274",".347",".621",".270","-0.1","-0.1","-0.1","13369"
"Matt Kemp","","20","84","76","17","3","0","3","9","10","6","24","1","0","0",".227",".288",".390",".678",".294","0.0","-0.2","-0.1","5631"
"Yoenis Cespedes","","42","175","158","34","6","1","7","19","21","13","57","2","2","1",".217",".283",".400",".683",".296","0.0","-0.3","-0.2","13110"
